URL,SongName,Artist,Lyricist,Composer,Lyric,Sales_Date,CD_Number
https://www.uta-net.com/song/155319/,愛と遠い日の未来へ (Album Version),松任谷由実,松任谷由実,松任谷由実,思い出してごらんよ幼い日　胸をふるわせた言葉にできないまま　残して来たものを青空にそこだけ影おとし　山にかかる雲儚い夏のような　虹を降らせていた戻りたいよ　愛と　遠い日の未来へきみに会いにゆくよ　ただひとつ覚えてる場所へ今も消えはしない握りかえす　手のぬくもり泣かせたならごめんね突然の　絵葉書みたいにそれぞれの哀しみを　越えてゆく途中で笑いたいよ　何も　持たずにかけだしきみに会いにゆくよ　それ以上傷つかない世界へいつも照らされてた見つめかえす　瞳の光に戻りたいよ　愛と　遠い日の未来へきみに会いにゆくよ　ただひとつ覚えてる場所へ今も消えはしない握りかえす　手のぬくもりI'm sorry that I make you cry,：2013/11/2,：TYCT-601
https://www.uta-net.com/song/10671/,"愛は...I can't wait for you, anymore",松任谷由実,松任谷由実,松任谷由実,"やるせない風が吹いてる地下鉄出口コーヒーにネオン落として暮れてゆく街約束つぶれてブルーになってる弱気なマインドがあなたをあなたを追いかけてるWhere is love?　好きでもI can't wait for you, anymore長すぎた春がもうすぐ終ろうとしてる友達にだって今なら戻れるみたい自由と孤独はセットになってる不安なイメージがきのうへきのうへ縛りつけるWhere is love?　このままI can't wait for you, anymore愛は羽根を持ってる愛は嘘をつかせる愛はありふれた顔をしてるWooWhere is love?　好きでもI can't wait for you, anymoreWooWhere is love?　さよならI can't wait for you, anymore",：1998/11/0,：TOCT-240
https://www.uta-net.com/song/111233/,I Love You,松任谷由実,松任谷由実,松任谷由実,Everybody says　ひどいやつそんなこと　私には　どうでもいい逃げかえるくらいなら　はじめから出て来たりはしないわ一瞬で何かを感じたから　ついてゆけるって思った頼りないときでも　私なら大丈夫　大丈夫信じてるこの気持　この気持I love you　I love you迷いなく　偽りなく　あなただけI need you　I want youいつまでも　いつまでも　そばにいてEverybody says 無駄なことそれだって　やってみなきゃ　わからない落ち込んだりするけれど　同じぶんうれしいことも待ってる一瞬で消えてゆく魔法でも　思い出せない夢でも何回でも見ればいい　あなたなら大丈夫　大丈夫私には世界いち　宇宙いちI love you　I love you限りなく　まぎれもなく　あなただけI need you　I'll be with youいつだって　いつだって　そばにいる曲りくねる道を　どこまでも走ってゆこう夕空に輝く星までもたどり着くくらいI love you　I love you迷いなく　偽りなく　あなただけI need you　I want youいつまでも　いつまでも　そばにいてI love you　I love you限りなく　まぎれもなく　あなただけI need you　I'll be with youいつだって　いつだって　そばにいる,,
https://www.uta-net.com/song/11134/,青いエアメイル,松任谷由実,YUMI MATSUTOYA,YUMI MATSUTOYA,青いエアメイルがポストに落ちたわ雨がしみぬうちに急いでとりに行くわ傘をほほでおさえ待ちきれずひらくとくせのある文字がせつなすぎて歩けないときおり届いたこんなしらせさえやがてはとだえてしまうのかしらけれどあなたがずっと好きだわ時の流れに負けないの冬は早く来る　あなたの町の方が最後に会ったときのコートを着ていますか5年　いえ8年たってたずねたなら声もかけれぬほど輝く人でいてほしい選ばなかったから失うのだと悲しい想いが胸をつらぬくけれどあなたがずっと好きだわ時の流れに負けないのけれどあなたがずっと好きだわ時の流れに負けないの,,
https://www.uta-net.com/song/54246/,青い船で,松任谷由実,松任谷由実,松任谷由実,私たちを乗せた船は東へと漕いでゆく朝焼けを　夕映えを果てしなく追いかけて月をよぎる雲の色も波のしぶきさえも二度と同じ姿はない　永遠の万華鏡私たちを乗せた星は涼しげに輝いて木星を　金星を導いてゆくように同じ時を旅しているたくさんの人の中になぜかとても　ああなつかしいあなたがいてよかった恐れずに生きてゆける彗星のように燃え尽きたい遠い海を旅してゆく小さな船の上にもっと遠い夢を見てるあなたがいてよかったなぜかとても　ああなつかしいあなたがいてよかった,：1999/02/2,：TOCT-106
https://www.uta-net.com/song/30491/,acacia [アカシア],松任谷由実,Yumi Matsutoya,Yumi Matsutoya,銀の花が散ってる　風と陽ざしの中で知らない町に来てる目を閉じてかすかに響く列車の音に心はゆられているの遠く旅をしててもきっと　Do you love me?今は見えない未来にたったひとつの道しるべ銀の花の押し花栞にしてはさんだ好きな詩のフレーズにいつの日か誰かと開いて見つけたとき笑えるような一途さでやっと出逢えたときはきっと　Do you love me?なつかしすぎる未来がたったひとつの探しもの遠く旅をしててもきっと　Do you love me?今は見えない未来にたったひとつの道しるべなつかしすぎる未来がたったひとつの探しもの,：2001/06/0,：TOCT-246
https://www.uta-net.com/song/44989/,灯りをさがして,松任谷由実,Yumi Matsutoya,Yumi Matsutoya,Look at meなぜおこらないの まえみたいにさっき私が誰かと交わした熱い視線もただ静かに車のドアは閉まり冷えた通りの霧の中のランプになってく幸せだった日々いたらなかったことばかり心残りだけれど hoooあなたの気持ちはもう戻らないとわかってるかもしれないそれでも私は強がりを捨てずに灯りを探すのWithout youひとりで歩いていた いつのまにかきっとあなたは先で待ってると分岐点も見ず人は耐えきれない痛みを与えられはしないの hoooあなたの笑顔が向けられないならつらすぎるかもしれないそれでも私は思い出をたよりに灯りを探すのもう一度出会って もう一度恋して もう一度見つめ合いたいもう一度わかって もう一度笑って 私だけのためにあなたの気持ちはもう戻らないと わかっていることなのにそれでも私は強がりを捨てずに愛し続けるの,：2004/11/1,：TOCT-256
https://www.uta-net.com/song/7952/,朝陽の中で微笑んで,松任谷由実,荒井由実,荒井由実,朝陽の中で微笑んで金のヴェールのむこうから夜明けの霧が溶けはじめざわめく街が　夢をさます朝陽の中で　ふりむいてどうぞ　その手をさしのべて薔薇の色さえ　うつろわす時の流れが　とてもこわい宇宙の片隅で　めぐり逢えた喜びはうたかたでも　身をやつすの朝陽の中で　抱きしめて形のない愛を包み込んでカード一枚ひくように決まるさだめが　とてもこわい宇宙の片隅で　つぶやき合う永遠は幻だと知っていても朝陽の中で　微笑んで形のない愛を　つなぎとめてつなぎとめて　つなぎとめて,：2000/04/2,：TOCT-107
https://www.uta-net.com/song/24383/,Up townは灯ともし頃,松任谷由実,松任谷由実,松任谷由実,ふり返れば Up town の灯りがふえてゆく良い年してバッグひとつの家出娘合い鍵を握りしめて　彼の部屋へと急ぐこの先に頼るものはその笑顔だけいつの日にも危なげのない道を歩いて来たでも許して　この愛だけはゆずれないの保障などない明日に　私は賭けてみるおだやかに過ぎた日々がひきとめても他に何も　他に何も何もないと知っている覚悟きめて　覚悟きめて信じるまま生きたいのふり返れば Up town の (Up townの)　灯りがにじんでる疲れ果てて帰ることなど (帰ることなど) 決してないわ恩知らずの勝手な私 (勝手な私)　忘れていい (忘れて)すぐに　すぐに (私は忘れて)　忘れていい (私は忘れて)(私は忘れて　私は忘れて…),：1999/02/2,：TOCT-106
https://www.uta-net.com/song/44994/,あなただけのもの,松任谷由実,荒井由実,荒井由実,夢の中歩くように なぜかしらもどかしく自分が思えてくる ひとりに今しないでだから私のとなりにすわってあなただけのもの忘れてたものが急に 目の前で輝きだすまぶしくて歩けない この手をつないでいてそして そのままどこかへさらってあなただけのもの永遠という言葉を 今まで信じなかったけれども祈るように あなたを見上げているこんな私がなぜか不思議なのあなただけのもの,：2000/04/2,：TOCT-107
https://www.uta-net.com/song/217717/,あなたに会う旅,松任谷由実,YUMING,YUMING,セーターで拭いたガラスを流れる景色きらきら粉雪踊ってる今は寂れた駅を見送りながらあなたを思い出してる憎らしい顔つくって　窓に映したときどきひどい喧嘩をしたこんな私のことも好きだと言ったあなたが　無性に恋しい時の列車は走る　なつかしい歌を乗せて時はただ先へ進んでゆく忘れることも忘れていつからゆられているか　覚えていないいくつも　トンネル抜けてきたもしも終着駅があるとするならそれはいつのことだろう時の流れを止めて　あふれる涙を止めて時はただ先へ進んでゆく忘れることも忘れて,：2016/11/0,：UPCH-204
https://www.uta-net.com/song/26285/,あなたに届くように,松任谷由実,松任谷由実,松任谷由実,もう　そちらでは夏のようですかまた　いつか訪ねてもいいですかわけもなくとび出した行く先のないチケットを抱いてあてもなく降り立ったあの日のことは覚えていますずぶ濡れの私をあなたはどう思ったでしょうねもう　そちらでは夏のようですかまた　いつか訪ねてもいいですか何もいわずに　何もきかずにうけとめてくれて　ありがとうお元気ですか　かわりなく庭のサクラは終わったけれど立ち止まり　ふりかえるいつしかくせがついてしまったさよならはとうとうふたりともいえなかったねあのとき私が置き忘れた苦い思いではまだありますかできることなら　とりに行きたいと思う今日このごろですもう　そちらでは夏のようですかまた　いつか訪ねてもいいですかあなたの顔も　忘れかけても無性に会いたくなるんです,：2005/06/0,：TOCT-487
https://www.uta-net.com/song/321/,ANNIVERSARY ～無限にCALLING YOU～,松任谷由実,松任谷由実,松任谷由実,なぜこんなこと　気づかないでいたの探し続けた愛がここにあるの木漏れ日がライスシャワーのように手をつなぐ二人の上に降り注いでるあなたを信じてる　瞳を見上げてるひとり残されても　あなたを思ってる今はわかるの　苦い日々の意味もひたむきならばやさしいきのうになるいつの日か　かけがえのないあなたの同じだけ　かけがえのない私になるの明日を信じてる　あなたと歩いてるありふれた朝でも　私には記念日今朝の光は無限に届く気がするいつかは会えなくなると知っていてもあなたを信じてる　あなたを愛してる心が透き通る　今日の日が記念日明日を信じてる　あなたがそばにいるありふれた朝でも　私には記念日あなたを信じてる　瞳を見上げてるひとり残されても　あなたを思ってる青春を渡って　あなたとここにいる遠い列車に乗る　今日の日が記念日,：1999/02/2,：TOCT-106
https://www.uta-net.com/song/24366/,あの頃のまま,松任谷由実,呉田軽穂,呉田軽穂,6時のターミナルで　ふりむいたきみは板に付いた　紺色のスーツ今でも気まぐれに　街をゆくぼくは変わらないよ　ああ　あの頃のままさ去りゆく若い時間を　ひとり止めているようでうらやましいやつだよと　はじめて笑ってくれたFor Yourself For Yourselfそらさないでおくれ　その瞳を人は自分を生きてゆくのだからネクタイ少しゆるめ　寂しげなきみが馴染みの店に　腰すえる夜は陽焼けした両足を　投げだしてぼくも“SIMON & GARFUNKEL”久しぶりにきく人生のひとふしまだ　卒業したくないぼくとたあいない夢なんか　とっくに切り捨てたきみFor Myself For Myself幸せの形に　こだわらずに人は自分を生きてゆくのだからFor Yourself For Yourselfそらさないでおくれ　その瞳を人は自分を生きてゆくのだからFor Myself For Myself幸せの形に　こだわらずに人は自分を生きてゆくのだから,：2003/12/1,：TOCT-254
https://www.uta-net.com/song/335/,あの日にかえりたい,松任谷由実,荒井由実,荒井由実,泣きながらちぎった写真を手のひらにつなげてみるの悩みなききのうのほほえみわけもなくにくらしいのよ青春の後ろ姿を人はみな忘れてしまうあの頃のわたしに戻ってあなたに会いたい暮れかかる都会の空を想い出はさすらってゆくの光る風　草の波間をかけぬけるわたしが見える青春の後ろ姿を人はみな忘れてしまうあの頃のわたしに戻ってあなたに会いたい今愛を捨ててしまえば傷つける人もないけど少しだけにじんだアドレス扉にはさんで帰るわあの日に,：2002/12/1,：TOCT-250
https://www.uta-net.com/song/8044/,A HAPPY NEW YEAR,松任谷由実,松任谷由実,松任谷由実,A Happy New Year!大好きなあなたの部屋まで凍る街路樹ぬけて急ぎましょう今年も最初に会う人があなたであるように はやく はやくA Happy New Year!新しいキスを下さいそして鐘の音 通りにあふれて今年も沢山いいことがあなたにあるように いつも いつもA Happy New Year!今日の日は ああどこから来るの陽気な人ごみにまぎれて消えるのこうしてもうひとつ年をとりあなたを愛したい ずっと ずっと今年も沢山いいことがあなたにあるように いつも いつも,：1999/02/2,：TOCT-106
https://www.uta-net.com/song/217718/,AVALON,松任谷由実,YUMING,YUMING,明けやらぬ空に　息は白く魂はすでに駆けている世界が目醒める前の夢の中青い翼　広げて還り来ぬ日々を　嘆くなかれ残されしものに　力を見よ苦しみの末に　きみを解き放て永遠を刻め　自由に輝く草原　高鳴る鼓動いつか見たまま　胸に在るままきみが呼んでる　声が聞こえるそれは今だと　それはここだと東の地平が燃え出すとききみは目を閉じて走りだす栄光はそこにあると信じながら永遠を目指す　アヴァロンたなびく青雲　脈打つ生命いつか見たまま　我に在るまま輝く草原　高鳴る鼓動いつか見たまま　胸に在るままたなびく青雲　脈打つ生命いつか見たまま　我に在るまま輝く草原いつか見たまま　胸に在るまま,：2016/11/0,：UPCH-204
https://www.uta-net.com/song/41030/,アフリカへ行きたい,松任谷由実,荒井由実,荒井由実,月は神話をのせ 今日も海へ帰る太陽は漕ぎ出し やがて天の瞳 夢のアフリカへ 探しに行こう胸の奥に眠る涙に めぐり会いたいIron ButterflyIron Butterfly銀色のセスナに乗り翼の影の下 サバンナが流れてゆく土煙りを上げて ドラマが通り過ぎる夢のアフリカへ 探しに行こう人が忘れ去った野生に めぐり会いたいIron ButterflyIron Butterfly銀色のセスナに乗りIron ButterflyIron Butterfly銀色のセスナに乗りIron ButterflyIron Butterfly銀色のセスナに乗り,：2000/04/2,：TOCT-107
https://www.uta-net.com/song/54315/,甘い予感,松任谷由実,YUMI MATSUTOYA,YUMI MATSUTOYA,Wow Wow Wowあなたの耳のむこう夕陽がきれいね息をかけたら　消えそういまから　私達のハートはすべりはじめるの　甘い世界へ夏がゆく頃に　恋もおわるってだれがきめた　悲しいこと私　信じないあなたの肩に　顔を埋めた色あせる空が　せつなかったのWow Wow Wowふとつけたの　カーラジオ流れてくるのは　ビーチボーイズ潮がひくように　愛も消えるって誰が最初　いいだしたの私　信じないいまから　私たちのハートはすべりはじめるの　甘い世界へ私たちのハートはすべりはじめるの　甘い世界へいまから　私たちのハートはすべりはじめるの　甘い世界へ私たちのハートはすべりはじめるの　甘い世界へ,,
https://www.uta-net.com/song/44996/,雨音はショパンの調べ,松任谷由実,Paul Mazzolini・松任谷由実,Pierluigi Giombini,耳をふさぐ　指をくぐり心　痺らす　甘い調べ止めて　あのショパン彼にはもう会えないのRainy days　断ち切れず窓を叩かないでRainy days　気休めは　麻薬　Ah…ひざの上に　ほほをのせて「好き」とつぶやく　雨の調べやめて　そのショパン想い出ならいらないわRainy days　特別の人でなくなるまでRainy days　暗号のピアノ　Ah…やめて　そのショパン想い出ならいらないわRainy days　断ち切れず影にふり返ればRainy days　たそがれの部屋は　Ah…Rainy days　特別の人は胸に生きてRainy days　合鍵を回す　Chopin Ah…,：2003/12/1,：TOCT-254
https://www.uta-net.com/song/7969/,雨に消えたジョガー,松任谷由実,松任谷由実,松任谷由実,あたたかい朝もやが雨になる眠った通りを響かせうつむいたランナーがあらわれるおととしの夏休みあの人のタイムをおどけて計った彼は今かけているシーツの闇を病気の名前は Myelogenous Leukemia図書館のいすはひどく冷たくできるなら肩をよせ走りたい雨に消えて彼だけ知らないなぜみんなが気づかうかもうすぐひとりでボートに乗るの去ってゆくオレンヂのトランクスやっぱりちがう人なのね過ぎた日のまぼろしを見ていたのできるなら肩をよせ走りたい雨に消えて,：1999/02/2,：TOCT-106
https://www.uta-net.com/song/155317/,雨に願いを,松任谷由実,松任谷由実,松任谷由実,窓に寄せた泣き顔　光る雨粒降りてくる　たくさんの　なにかいいこととなりに来て　すわって　ほら手をふればゆっくりと回りだす　メリーゴーラウンド意味のない出来事　ひとつもないのに忘れてゆくのが　こわいときにはどうかわたしを　ただ抱きしめてじっとそのまま　ただ抱きしめてあざやかだね　ひまわり　うなづく　滴いつの日か　よみがえる　夏のシーン心を促す　見えない時計は止められないこと　わかっていてもどうかわたしを　ただ抱きしめてじっとそのまま　雨音きいてどうかわたしを　ただ抱きしめてじっとそのまま　雨音きいていつもわたしが　そばにいることたしかめられるように　ただ抱きしめて,：2013/11/2,：TYCT-601
https://www.uta-net.com/song/39777/,雨のステイション,松任谷由実,荒井由実,荒井由実,新しい誰かのためにわたしなど 思い出さないで声にさえもならなかった あのひと言を季節は運んでく 時の彼方六月は蒼く煙ってなにもかもにじませている雨のステイション会える気がしていくつ人影見送っただろう霧深い町の通りをかすめ飛ぶつばめが好きよ心 縛るものをすててかけてゆきたいなつかしい腕の中 今すぐにも六月は蒼く煙ってなにもかもにじませている雨のステイション会える気がしていくつ人影見送っただろう雨のステイション会える気がしていくつ人影見送っただろう,：2001/11/1,：TOCT-247
https://www.uta-net.com/song/7958/,雨の街を,松任谷由実,荒井由実,荒井由実,夜明けの雨はミルク色 静かな街にささやきながら 降りて来る 妖精たちよ誰かやさしくわたしの肩を抱いてくれたらどこまでも遠いところへ 歩いてゆけそう庭に咲いてるコスモスに 口づけをして垣根の木戸の鍵をあけ 表に出たらあなたの家まですぐにおはようを言いにゆこうどこまでも遠いところへ 歩いてゆけそう夜明けの空はブドウ色 街のあかりをひとつひとつ消していく 魔法つかいよいつか眠い目をさまし こんな朝が来てたらどこまでも遠いところへ歩いてゆけそうよ誰かやさしくわたしの肩を抱いてくれたらどこまでも遠いところへ 歩いてゆけそう誰かやさしくわたしの肩を抱いてくれたらどこまでも遠いところへ 歩いてゆけそう,,
https://www.uta-net.com/song/39775/,ありのままを抱きしめて,松任谷由実,松任谷由実,松任谷由実,Don't you know? あなたは本当の自分を見てないのDon't say no 私を天使みたいに 見ているのねえ わかって ねえ わかってよ ねえ私の翼は こんなに汚れてるStop your dream はやく目を覚ましてStop your dream 瞳 そらさないでありのままを抱きしめてDon't you know? あなたはあなたの悪魔を知らないのねえ 笑って ねえ 笑ってよ ねえそして もう一度 私を殺してよStop your dream はやくそこから出てStop your dream ここで 確め合おうありのままを抱きしめてStop your dream はやく目を覚ましてStop your dream 瞳 そらさないでStop your dream はやくそこから出てStop your dream ここで 確め合おうStop your dream はやく目を覚ましてStop your dream 瞳 そらさないでStop your dream はやくそこから出てStop your dream ここで 確め合おう,：1997/02/2,：TOCT-983
https://www.uta-net.com/song/155313/,Early Springtime,松任谷由実,松任谷由実,松任谷由実,春　夕靄の中に　小さな汽笛がした肩をよせて橋にもたれて　心は旅に出ようまわり道したのは　ようやく気づくため取り戻せない時間なんて　なにひとつもないことなぜ　あなたといると　涙がでるの独りだった日々が　いじらしくなるの春　潤んだ灯りに　なつかしい匂いがした重なり合う自転車の影　風に揺れているけどもう　あなたといれば　怖くないから明日はあたたかい　予感がしているの2羽のカモメ　回っている5時の鐘が　響いているゆっくりと　ペダル　ゆっくりと踏んで家へ帰ろうなぜ　あなたといると　涙がでるの独りだった日々が　いじらしくなるのもう　あなたといれば　怖くないから明日はあたたかい　予感がしているの,：2013/11/2,：TYCT-601
https://www.uta-net.com/song/24367/,「いちご白書」をもう一度,松任谷由実,荒井由実,荒井由実,いつか君といった　映画がまたくる授業を抜け出して　二人で出かけた哀しい場面では　涙ぐんでた素直な横顔が　今も恋しい雨に破れかけた　街角のポスターに過ぎ去った昔があざやかに　よみがえる君もみるだろうか 「いちご白書」を二人だけのメモリー　どこかでもう一度僕は無精ヒゲと　髪をのばして学生集会へも　時々出かけた就職が決まって　髪をきってきた時もう若くないさと君にいいわけしたね君もみるだろうか 「いちご白書」を二人だけのメモリー　どこかでもう一度雨に破れかけた　街角のポスターに過ぎ去った昔があざやかに　よみがえる君もみるだろうか 「いちご白書」を二人だけのメモリー　どこかでもう一度二人だけのメモリー　どこかでもう一度,：2003/12/1,：TOCT-254
https://www.uta-net.com/song/8153/,一緒に暮らそう,松任谷由実,松任谷由実,松任谷由実,ねえ さっき思いついた粉雪が舞って来たときさよならを云わなくてもいい方法そんな驚いた顔で 立ち止まらないで輝く街はウィンターセール 黄昏おちて部屋のドアを開けたら 一緒に暮らそうそう きっとうまくゆくわ横顔をそっと見ていたらやがて来る New Year が待ちどおしくてはじめて二人同時に年とってゆくのよ街燈がうるんでる キャンドルみたいポケットで手をつなぎ 愛しているウィンドウの食器が素敵だったせいじゃない眩い街はワンダーランド 微笑み映す人ごみを抜けだして 一緒に暮らそう長いこと探したの 今やっと会えたのふりしきる粉雪の祝福してる運命をつかまえた 愛しているゆき交うクラクションもせきたてているタクシーにとび込んで 一緒に暮らそう輝く街はウィンターセール 黄昏おちて部屋のドアを開けたら 一緒に暮らそう,：1999/02/2,：TOCT-106
https://www.uta-net.com/song/54318/,稲妻の少女,松任谷由実,Yumi Matsutoya,Yumi Matsutoya,She's a lightning lightning Lightning Bolt.She's a lightning lightning Lightning Bolt.エンジン・フードで卵が焼けるほどあの娘はとばして浜辺についたゆうべ天気図にたくさん線ひいて台風の位置を確めたのさ今日をのがしたらお目にかかれない逆巻くチューブに鳥肌がたつ白いしぶきが雲ならば　humあの娘のボードは閃く稲妻She's a lightning lightning Lightning Bolt.She's a lightning lightning Lightning Bolt.何のたしにもならないことにムキになれる　あなたがいちばん好きコーラの空びん並べるみたいにさあの娘は男をスラロームするゆうべ胸もとの双子座ペンダントあとがつくくらい抱きしめたのに今日をのがしたらお目にかかれないバレーのようなカット・バックに白いしぶきが帽子なら　humあの娘は手品で飛び出す銀鳩白いしぶきが雲ならば　humあの娘のボードは閃く稲妻She's a lightning lightning Lightning Bolt.She's a lightning lightning Lightning Bolt.,,
https://www.uta-net.com/song/8584/,命の花,松任谷由実,YUMI MATSUTOYA,YUMI MATSUTOYA,燃える太陽さえ　燃やすほど狂おしいこの想いを　抱いて　泣いている恋はゆらめく灼熱の花心を焼き尽くすまで　けっして　枯れはしないSha la la la　熱いキスは　秘密のエントランス二度とは戻れないSha la la la　指先から痺れる棘にさされエデンの園　追われるのよ離さないで　離れないわ　世界が灰になってもあなたとなら　あなたとなら　死んでもいいの私の恋は　輝く炎　命の花荒れる荒波も　のみ込むほど昂まってゆく想いに　乱れ　ふるえてる恋は嵐の中で咲く花踏みにじられてゆくほど　紅く紅く　ひらくSha la la la　見つめる目は　哀しい天使の罠さよならのはじまりSha la la la　首に胸に涙の粒を撒いてネプチューンの夢を見るの離さないで　離れないわ　世界が海に落ちてもあなたとなら　あなたとなら　死んでもいいの私の恋は　激しいしぶき　命の花,：1995/12/0,：TOCT-930
https://www.uta-net.com/song/111232/,今すぐレイチェル,松任谷由実,松任谷由実,松任谷由実,黒い瞳ミラーのように　僕の心映す細いネイル　スティールのように　あつい胸もひき裂くAh　埋められたチップの思い出はニセモノラジオのヒットソングをくりかえす今すぐレイチェル　きみを救いたい電脳の森で迷ったエンジェル　かならずリアルな愛をつかもうアンサーフォンに残されたノイズ　耳をすましきけばSOSOSOSOS…　ループになるメッセージAh　覚えているんだね　夏の朝の匂い冬をつれ去る　風のいろ今すぐレイチェル　きみを救いたい洗脳の檻を破ってエンジェル　愛しているんだよ　きみの全てをロックがほどけて　涙で笑って夢から現へ　ゆっくり記憶のドアが開く開く今すぐレイチェル　きみを救いたい電脳の森で出逢ったエンジェル　かならずリアルな愛をつかもう今すぐレイチェル　きみを救いたい洗脳の檻で破ってエンジェル　愛しているんだよ　きみの全てを,,
https://www.uta-net.com/song/155318/,今だけを きみだけを,松任谷由実,松任谷由実,松任谷由実,今だけを　愛だけを　きみだけを　みつめようもう かえらぬ過去を　ただ悔やんでみたりもっともっと　変われる明日を　ただ 皮肉ってたり心 怯むうちに　時は流れていった今だけを　信じようなぜ あきらめないのって　きみはわらってもいいもっともっと　こっちをむいて　ただ それだけでいい泣いているぼくに　きみは永遠のヴィーナス薔薇の鎖に止められたままで　翼広げようとするけれど憧れと絶望が　引き裂くこの世界きみだけを　みつめたいまだ きみを知らない　きみの全てが欲しいもっともっと　好きになりたい　ただ みつめていたい心 騙すうちに　愛は流れるから憧れと絶望が　引き裂くこの世界今だけを　愛だけを　きみだけを　みつめよう今だけを　愛だけを　きみだけを　みつめよう,：2013/11/2,：TYCT-601
https://www.uta-net.com/song/37972/,入江の午後3時,松任谷由実,YUMI MATSUTOYA,YUMI MATSUTOYA,濡れたシャツをしぼって胸の下で結んだら照り返す陽差しより　あなたの瞳肌をさすの気にしないと笑って傷心をきくけれど美しくできるのよ言葉にすれば過ぎた恋は口に出さずにやいてくれたら私　ホロリと沖を見て　Fall in love again空の青さ深まりこの入江も秋になるその頃は二人とも同じ夕陽をどこで見るの又　来年会えるよ珊瑚礁が恋しけりゃ今はただ　いどころも明日も告げず砂に立つの髪がまとわる　うなじのあたりあなた見ている気がしたら　Fall in love again口に出さずにやいてくれたら私　ホロリと沖を見て　Fall in love againFall in love again　Fall in love again　Fall in love again,：1999/02/2,：TOCT-106
https://www.uta-net.com/song/65808/,インカの花嫁,松任谷由実,松任谷由実,松任谷由実,遠去かるフェスタにいつかはぐれあなたは迷い出る星の岸辺群れ飛ぶホタルと　ムスクの匂いがほどいた小舟へとひき寄せる明け方の小鳥が騒ぐ前にとこしえの契りを交したいのあなたに逢う日を待ち焦がれていたジャングルを下ってここに来たHow can I cryはかない愛魔法が消える一夜限りの花嫁帰れなくてもいいと抱きしめたらつれて行ってあげる　エル・ドラドヘ嘘はつかないで　本気じゃないなら怒りのスコールに流されるWhat can I doわからず好きになってはだめよインカの花嫁How can I cryはかない愛魔法が消える一夜限りの花嫁What can I doわからず好きになってはだめよインカの花嫁,：1991/11/2,：TOCT-630
https://www.uta-net.com/song/44992/,Invisible Strings,松任谷由実,Yumi Matsutoya,Yumi Matsutoya,シルクのような雨 耳を澄ましたら街の喧騒はかすれてゆくそれは ほんのひととき あなたの想い出 微笑ませてくれる雨はただ そっと肩を抱き目がしらを くすぐっているよ恋の日記はいつか終りが来るけど愛のまなざしは ずっとそのままどんなこと書いたか 覚えてなくても 言葉は立ち昇るWhen the love is gone 愛が去ったとき物語は完結するのね忘れないで あなたがくれた やさしさがここにあることを思い出して 見えない糸で 綴じられた日々があることをページをめくるように 年は代わるけど私たちの時計 止まったまま高原の花のように 湖のように 霞んでゆれているWhen the love in gone 愛が去ったとき物語は書きたせないのね忘れないわ あなたがくれた やさしさがここにあるから思い出すわ 見えない糸で 結ばれたふたりがいるから忘れないで あなたがくれた やさしさがここにあることを思い出して 見えない糸を 信じてる私がいることを,：2004/11/1,：TOCT-256
https://www.uta-net.com/song/16628/,Wings of Winter,松任谷由実,Yumi Matsutoya,Yumi Matsutoya,"Wings of winteroh,Ring on,ring bells会えなくなって気づいた愛もあることを去年いつしか散ったポインセチア又　紅く街を彩っている私はひとりの部屋で迎えるはずのクリスマスたぶん淋しいなんて思わない今も思い出がそばにあるから窓には冬の翼が白いダウン降らせているoh,Wings of winter　包んでoh,Ring on,ring bells　うたって無口なまま別れた天使たちのためゆうべあなたが夢に出てきたわ昔と何も変わらぬ笑顔でたまには連絡しろと　言ってたような気がした忘れかけてく素直な気持を指先だけが勝手につづるの窓には冬のメールが白い文字積もらせてくoh,Wings of winter　運んでoh,Ring on,ring bells　つたえて会えなくなって気づいた愛もあることを心に舞う　やるせなさが涙のしずくに溶けてしまう前にもう一度　oh,Wings of winter　運んでoh,Ring on,ring bells　つたえて会えなくなって気づいた愛もここにあることを",：2002/11/1,：TOCT-250
https://www.uta-net.com/song/39774/,Weaver of Love～ORIHIME,松任谷由実,YUMI MATSUTOYA,YUMI MATSUTOYA,コムラサキなら七月の　暮れたばかりの空の色今は遠くへ行ったひと　わずかに茜残しあれはゆかたの行列が　山の小径を見え隠れ蛍のような提灯を　星へと運んでゆく私は橋の袂で　あなたへと届くようにひっそりと　ああ　ひっそりと心の機を織るの耳をふるわす風の音は　眠り遅れたぎんやんまいつかまたねとささやいて　石ころ渡ってゆく私はつゆ草さした　夏の夜の晴れ姿できらきらと　ああ　きらきらと涙をこぼしてるの哀しい夢をすすぐには　笹にせせらぐ川上の汲めばちぎれるつめたさに　いくつも舟を浮かべ私はひとり座って　あなたに会う日想ってひっそりと　ああ　ひっそりと心の機を織るのきらきらと　ああ　きらきらと涙をこぼしてるの,：1995/12/0,：TOCT-930
https://www.uta-net.com/song/11242/,"Walk on, Walk on by",松任谷由実,YUMI MATSUTOYA,YUMI MATSUTOYA,気づかないで　Walk on by　彼女の方をあなたが全てを燃やしたひとと知ってるの雪模様のアヴェニュー　向いの舗道見覚えのある笑顔　思わず胸がすくんだ口にしたら　打ち消したら　本当になる過ぎた恋は未完成のシナリオだから甦る想いを　さえぎるようにつまずいたふりをする　私だけに微笑んでうでをくんで　Passin'by　むこうも二人あなたなど　あなたなど　もう忘れているみたいカレンダーでも　マティーニでも　消せなかったあなたにしか追い越せない　まぼろしならば台詞もないうちに通り過ぎてく面影はひと幕のエキストラにしておいて気づかないで　Walk on by　彼女の方を新作のロマンスは私だけに微笑んでゆっくりと　ゆっくりと　私だけに微笑んで,：1995/12/0,：TOCT-930
https://www.uta-net.com/song/217721/,宇宙図書館,松任谷由実,YUMING,YUMING,棚の隅に眠っていた　遠い日々の贈り物今　私が開くように　あなたがのこしたメッセージ光りの塵　射し込む窓　ほおづえつき　読みだせば目を覚ました文字たちが　踊り始める夢の中のあなたは　あの日と変わらずまだ幼い私を抱きしめてくれるいつのまにか眠っていた　冬の午後は過ぎてゆくただ　涙の跡だけを　ページに記して夢の中であなたは　なつかしい服着て忘れていた未来を教えてくれる棚の隅に戻しておこう　遠い日々の宝物愛の心失くしたとき　取り出せるようにいつの日にか　また逢えたら　微笑むように,：2016/11/0,：UPCH-204
https://www.uta-net.com/song/7506/,生まれた街で,松任谷由実,松任谷由実,松任谷由実,いつものあいさつなら どうぞしないで言葉にしたくないよ 今朝の天気は街角に立ち止まり 風を見送った時季節がわかったよ生まれた街の匂い やっと気づいたもう遠いところへと ひかれはしない小さなバイクを止め 風を見送った時季節がわかったよ街角に立ち止まり 風を見送った時季節がわかったよ街角に立ち止まり 風を見送った時季節がわかったよ,：2000/04/2,：TOCT-107
https://www.uta-net.com/song/42229/,海に来て,松任谷由実,Yumi Matsutoya,Yumi Matsutoya,遅すぎた春の告白残して逃げるように ここへひとり来ていた素足は引き潮に埋もれて心はあなたへ寄せてゆくのめりそうな影を 風が抱いてるどんな不安にかられても時は戻りはしないなんて孤独な Ah 私だったあなたを愛す hum 前の私あなたと離れて すごしてる日々がかなりつらくても 微笑めるように瞳はきらめく沖を見て乱れる髪 耳でおさえて泣きそうな気持ち 波がさらうよどんな言葉で飾ってもきっと嘘はつけないなんて孤独な Ah 私だったあなたを愛す hum 前の私なんて強がりな Ah 私だったあなたを愛す hum 前の私,：2006/05/2,：TOCT-259
https://www.uta-net.com/song/826/,海を見ていた午後,松任谷由実,荒井由実,荒井由実,あなたを思い出す　この店に来るたび坂を上って　きょうもひとり来てしまった山手のドルフィンは　静かなレストラン晴れた午後には　遠く三浦岬も見えるソーダ水の中を　貨物船がとおる小さなアワも恋のように消えていったあのとき目の前で　思い切り泣けたら今頃二人　ここで海を見ていたはず窓にほほをよせて　カモメを追いかけるそんなあなたが　今も見える　テーブルごしに紙ナプキンには　インクがにじむから忘れないでって　やっと書いた遠いあの日,：2000/04/2,：TOCT-107
https://www.uta-net.com/song/54646/,Woman,松任谷由実,Yumi Matsutoya,Yumi Matsutoya,"You are the woman遠い遠い眼差しはなぜ　woman哀しい哀しいときめきは なぜ　womanYou are the woman　風のようなYou are the woman広い広い世界にひとり　woman長い長い旅をしてるの　womanYou are the woman, just a womanちぎられたハートの跡は塞がらないのひきさかれた運命だから彼に会いたいYou are the woman白い白い砂丘を描く　woman深い深い記憶を潜る　womanYou are the woman　海のようなYou are the woman愛は愛は決して消えない　woman時は時は決して消えない　womanYou are the woman, to be a woman刻まれたハートの傷は何を想うのいつか置き去りにした愛を呼び続けるの寄せてはかえす　波のようにゆれる心はwoman, woman, womanちぎられたハートの跡は塞がらないのひきさかれた運命だから彼に会いたい刻まれたハートの傷は何を想うのいつか置き去りにした愛を呼び続けるのちぎられたハートの跡は塞がらないのひきさかれた運命だから彼に会いたい刻まれたハートの傷は何を想うのいつか置き去りにした愛を呼び続けるのちぎられたハートの跡は塞がらないの",：1997/12/0,：TOCT-100
https://www.uta-net.com/song/41484/,永遠が見える日,松任谷由実,松任谷由実,松任谷由実,藍のゆかたで人待ち顔の 私に気づいたなら泣きそうになるから すぐ手をとってつれてって 川辺まで大事な言葉 云おうとしたときに 大輪の光があとから あとから はじけ しだれて歓声に さらわれたあなたがいて私がいた 夜空の中に何も云わず誓い合った 佇い夢に消えないで もう少し この胸に灼きつくまで照らされてた横顔とともに咲いていて いつまでも 祈るように 目を閉じたらその瞬間 永遠を見せて紺の水面に落ちてゆく花火 こんな哀しいなんてあなたに会うまで知らなかったの綺麗だね こわいほどあなたがいて私がいた 最初の夏へいつの日にか どこにいても 戻れるように輝いて もう少し そばにいて 抱きしめてこの世にいる 意味をおしえて浮かんでいて いつまでも 涙ぐんで 目を閉じたらその瞬間 永遠を見せて消えないで もう少し この胸に灼きつくまで一度だけの 永遠を見せて,：2004/11/1,：TOCT-256
https://www.uta-net.com/song/55896/,Age of our innocence,松任谷由実,Yumi Matsutoya,Yumi Matsutoya,Age of our innocence　ふたり今　誓いを立てよう朽ち果てそうなこの世界の中でうんざりしそうなしがらみの中で唯ひとつ　嘘のない　愛だけを信じて苦しさに　立ち止まり　目の前がにじんでもI'm believin' my love時が　ふたりをひきさくまではI'm believin' my love決して　負けたりしないとAge of our innocence　長い夜が明ける　すぐに欲望の闇が眠りにつく街にゆうべの夢がゴミに変わる街にただ白く　純粋に　きみだけを愛そうもう誰に　裏切られ　失望にくれてもI'm believin' my love横に　きみがいてくれる限りI'm believin' my love決して　よごれはしないとI'm believin' my love動物のようなおびえた目をしたきのうの自分を許せる気がする気高くて　でも遠い　愛だけをみつめて音の無い　宇宙を　永久に彷徨おうI'm believin' my love時が　ふたりをひきさくまではI'm believin' my love決して　負けたりしないとI'm believin' my love横に　きみがいてくれる限りI'm believin' my love決して　よごれはしないとI'm believin' my love,：2001/06/0,：TOCT-246
https://www.uta-net.com/song/42233/,Escape,松任谷由実,Yumi Matsutoya,Yumi Matsutoya,暗号は瞳の奥に光るから解読してミッションはあなたをここから救うこと命がけで非常階段きしむ キャットウォーク飛び移りながら空から垂れたロープ 待ってるヘリコプター星空へ飛び立とう あなたと手をつないで銃声をおいてセルラーはすぐに捨てるの 逆探知されてるから今だけは私のことを信じて 何もきかず危険地帯を越えて それでもいっしょにいられたならエピローグはかならず 待ってるラヴシーン星空へ飛び立とう 誰も来ないところへサイレンの中を星空へ飛び立とう あなたと手をつないで銃声をおいて星空へ飛び立とう 誰も来ないところへサイレンの中を星空へ飛び立とう あなたと手をつないで銃声をおいて星空へ飛び立とう 誰も来ないところへサイレンの中を,：2006/05/2,：TOCT-259
https://www.uta-net.com/song/13403/,ESPER,松任谷由実,YUMI MATSUTOYA,YUMI MATSUTOYA,愛するため　愛するため誰もが持つひとつのエスパーはパワーあなただけを　あなただけを感じることが私のエスパー私の写真や小さな噂が朝から出てくるのは忘れちゃいやよと　送ったサインよ連絡下さい　すぐにすぐにすぐに離れてても　離れてても腕の中にいる気がするのはなぜあなただけに　あなただけにきこえる声が　私のエスパー毛糸のあみ目は　くり返えす呪文やさしく縛りたいのひらめく予感に立ってふりむけば電話が鳴りだす　強く強く強く愛するため　愛するため誰もが持つひとつのエスパーはパワーあなただけを　あなただけを感じることが私のエスパー,：1999/02/2,：TOCT-106
https://www.uta-net.com/song/7806/,Angel Cryin' X'mas,松任谷由実,松任谷由実,松任谷由実,恋をしようよ Angel 光る街の隅できみと Do the Rock'n Roll tonight(Do the Rock'n Roll)(Do the Rock'n Roll)走りだそうよ Angel 時は短すぎるDo Do Do Do the Rock'n Roll tonight(Do the Rock'n Roll)(Do the Rock'n Roll)涙でゆがんだミラー どうかしてるいつまで悔やんだって しかたないHoly night 淋しい羊飼いにも届く招待状ドアを開ければ 仕度すませたきみは 見違える天使今夜はひとりぼっちと決めないで Merry X'masはやくゆこうよ Angel 光る橋を越えてきっと Love is lookin' for you tonight(Lookin for you tonight)(Lookin for you tonight)翔んでゆくのさ Angel 時は短すぎるDo Lu Lu Love is lookin' for you tonight(Love is lookin for you tonight)(Love is lookin for you tonight)煙が渦巻くクラブ イカシてるもうすぐ救いの主が あらわれる速いビートで きみの涙が汗に変わる頃ドアの外では ひとけの無い道路に 星が降っているもうすぐ救いの主がやって来る Merry X'mas恋をしようよ Angel 光る街の隅できみと Do the Rock'n Roll tonight(Do the Rock'n Roll)(Do the Rock'n Roll)走りだそうよ Angel 時は短すぎるDo Do Do Do the Rock'n Roll tonight(Do the Rock'n Roll)(Do the Rock'n Roll)はやくゆこうよ Angel 光る橋を越えてきっと Love is lookin' for you tonight(Lookin for you tonight)(Lookin for you tonight)翔んでゆくのさ Angel 時は短すぎるDo Lu Lu Love is lookin' for you tonight(Love is lookin for you tonight)(Love is lookin for you tonight),,
https://www.uta-net.com/song/11459/,遠雷,松任谷由実,松任谷由実,松任谷由実,黙ったまま流れる午後　窓つたう雫冷めたカップ　ペイズリーの煙草のけむり嫌われようとしてたのねもういいわ　意気地なし気づかぬふりをしてひきとめただけ過ぎた日々に耳を寄せる　乾いた巻き貝はじけた恋　閉じ込めてた　ビー玉の泡灯りはまだつけないでね仄白い部屋中のぼやけた輪郭が消えてゆくまでああ　紫陽花の雨　エメラルドの涙二人　膝をただかかえ　聴いている名前もまだ知らない頃　ふりかえった肩もう見れないの　あの眩しいブロンズの肌こんなに近くにいるのになぜか思い出せない本気で怒ったり　泣いたことさえああ　遠雷の音　キャノンボールみたい新しい夏　もう　そこに来てるのにああ　紫陽花の雨　エメラルドの涙二人　膝をただかかえ　聴いているああ　遠雷の音　キャノンボールみたい新しい夏　もう　そこに来ているの,：1991/11/2,：TOCT-630
https://www.uta-net.com/song/55268/,A(エース)はここにある,松任谷由実,松任谷由実,松任谷由実,おりるかあがるか　さあふたつにひとつあなたの待ってた　A(エース)はここにあるはやくひいてよ　aha 欲しいなら　Baby私だけしか　aha　満たせない　Mighty Love表はどしゃ降り　ああひどい雷ゲームの途中で　急に抱きついたらじっとこのまま　aha　こわいのよ　Babyフェアじゃないけど　aha　この恋が　Mighty Loveじっとこのまま　aha 抱きしめて　Baby空も光らす　aha　この恋が　Mighty Loveあなたの心は　揺れる避雷針嵐になれ　嵐になれ稲妻みたいに　落ちてゆくわはやくひいてよ　aha　欲しいなら　Babyあなただけしか　aha　愛せない　Mighty Loveじっとこのまま　aha　抱きしめて　Baby空も光らす　aha　この恋が　Mighty Love,：1990/11/2,：TOCT-590
https://www.uta-net.com/song/7948/,丘の上の光,松任谷由実,松任谷由実,松任谷由実,すみれ色のまま夕暮れを止めて新しい自転車で高原をすべる夏へ急ぐ空 おだやかに翳りこのまま二人ずっと漕いでゆきたいのいつしか今日の日も想い出に少しずつかわる今 大事なのは前をゆくあなたが綺麗なシルエットになっていること向かい風そっと ほほつねってみて愛し始めた気持 まぼろしかどうかいつしか 今日の日も想い出に少しずつかわるすみれ色のまま夕暮れを止めて流れる雲のように丘へ上ぼるまでひととき神様 息をかけないでね素敵な光ほど移ろうのだから,：1999/02/2,：TOCT-106
https://www.uta-net.com/song/54439/,思い出に間にあいたくて,松任谷由実,松任谷由実,松任谷由実,10番線は最終電車　かけだす人にまぎれ息をきらせばとび乗れたのにもうあきらめてたのホームにはひとりきり　レールの音Missin' the train　今夜中　今夜中に会えばFeelin' the pain　間にあう　間にあうはずだったThat passion remains　二人の思い出にLosin' your love　いらない　いらない合鍵をThrowin' my love　ポストに　ポストに落としてNo higher love　あなたはもういない螢光燈が流れて消えた　地下道のビルボードみんなが騒ぐ店に帰ろう待つわけじゃないけど寝ころがるドランカー　自由な夜No need to explain　抱いてと　抱いてとせがめばWe are so vain) 続いて　続いていたかしらNothing to gain　果たせぬ約束もLosin' your love　これから　これから行方をThrowin' my love　探さず　探さずどこかでNo higher love　お互い生きるのねMissin' the train　今夜中　今夜中に会えばFeelin' the pain　間にあう　間にあうはずだったThat passion remains　二人の思い出にLosin' your love　いらない　いらない合鍵をThrowin' my love　ポストに　ポストに落としてNo higher love　二人の思い出にNo need to explain　抱いてと　抱いてとせがめばWe are so vain　続いて　続いていたかしらNothing to gain　二人の思い出に,：1999/02/2,：TOCT-106
https://www.uta-net.com/song/24364/,オーシャン・ブルー,松任谷由実,松任谷由実,松任谷由実,迷い込んだよ　不思議な時刻に眠いきみにくちづけ　テラスに出てみる遠いハイウェイ　それとも潮騒消え残る街の灯とビーチを見下ろす生まれたばかりの愛が哀しくさせるああ　どれだけ遠まわりして来たの明け方のオーシャン・ブルー溶けだすホライズンめぐり来る日々よ　ぼくらを離さないで起きておいでよ　移ろう雲の色肌寒ければじっと抱いていてあげる白いホテルのガラスが輝き散水車のしぶきは光る帯になる生まれたばかりの風が海を渡ってああ　二人を包みにここまで来る薄れゆくシルバー・ムーン焼き付け　心に今日まで出逢った　いちばん綺麗なきみ明け方のオーシャン・ブルー溶けだすホライズンめぐり来る日々よ　ぼくらを離さないで薄れゆくシルバー・ムーン焼き付け　心に今日まで出逢った　いちばん綺麗なきみ明け方のオーシャン・ブルー溶けだすホライズンめぐり来る日々よ　ぼくらを離さないで薄れゆくシルバー・ムーン焼き付け　心に今日まで出逢った　いちばん綺麗なきみ,：2003/12/1,：TOCT-254
https://www.uta-net.com/song/65809/,Oh Juliet,松任谷由実,松任谷由実,松任谷由実,Romeo　それはカーテン踊らす風夜の通りから吹く口笛バスローブで誘い出されるバルコニーRomeo　みんなが悪く云うのはなぜOh Juliet　なんて哀しい恋なのOh Juliet　自分で招いた　TragedyRomeo　私を苦しくさせないでどうぞ　悲しませないと云って戻れない壊れた非常階段Romeo　飛び降りたらすぐうけとめてOh Juliet　なんて激しい恋なのOh Juliet　恐れも忘れる　TragedyOh Juliet　なんて哀しい恋なのOh Juliet　私達の物語Oh Juliet　なんて激しい恋なのOh Juliet　私達の物語,：1994/11/2,：TOCT-860
https://www.uta-net.com/song/37973/,Autumn Park,松任谷由実,松任谷由実,松任谷由実,見つめさせて少し あなたの瞳の奥をオールを漕ぐ水の輪のきらめき映したその向こうをどちらか先にいつかこの世を去る日が来ても大好きなまなざしを私はずっと覚えていたい水鳥も雲も私達といっしょに浮かぶ今日の日がゆっくり過ぎてゆく 音も無く離れゆく時へと 少しづつあなたと会えなくなる 運命は思いつかないどうしても どうしても今 私には思いつかない金色の夕映え讃えるように色づく木々今日の日はゆっくり燃え尽きる 知らぬまに離れゆく時へと 少しづついつか生まれ変わり 別の人になってもあなたを探してる 私を見つけてコートの腕をくみ 辺りを歩く恋人達今日の日をありがとう或る午後の 或る Autumn Park今日の日を心にいつまでも,：1999/02/2,：TOCT-106
https://www.uta-net.com/song/2348/,オールマイティー,松任谷由実,YUMI MATSUTOYA,YUMI MATSUTOYA,恋がシャーベットみたいならいいのに会えないときは凍らせておけるわはやく食べなきゃ　あなたと私形がくずれてしまいそうよ私の冷蔵庫を開けないで忙しそうね　調子はいかがニコニコ　テーブルをはさむけどいつでも恋のオールマイティー見せどきが肝心だから今は　hu hu hu　キミを離さない私が出ると切れてしまう電話あなたの手の内にクィーンがまざってるこちらのカードはカスばかりでも一枚　ジョーカーを持ってるのよいつでも恋のオールマイティー一度しか使えないけどだから　hu hu hu　キミを離さないいつでも来いのオールマイティー見せどきが肝心だから今は　hu hu hu　キミを離さない離さない,：1999/02/2,：TOCT-106
https://www.uta-net.com/song/10195/,Cowgirl Blues,松任谷由実,松任谷由実,松任谷由実,Come on Hey girlきみのファウンデーションと口紅が5時の空を染めてる褪せたジーンズの 膝ひきさいて 彼に会いに出かけるきみの愛が手遅れになってしまうその前に投げ縄の音たてて ちぎれたハートをとり戻せ帰って来て 帰って来て 私だけのもとに 風に乗ってかすれながら流れてゆくラブ・ソングCowgirl Blues草の香りの髪をなびかせてひとりハイウェイとばすきみの愛が置き去りになってしまうその前に傷跡をとび越して懐かしい胸にもう一度帰りたいよ 帰りたいよ あなただけのもとへ哀しそうに 壊れそうに 歌っているラブ・ソングCowgirl Blues届かない夢など追いかけたりしないわ帰って来て 帰って来て 私だけのもとに風に乗ってかすれながら流れてゆくラブ・ソング帰りたいよ 帰りたいよ あなただけのもとへ哀しそうに 壊れそうに 歌っているラブ・ソング帰って来て 帰って来て 私だけのもとに帰りたいよ 帰りたいよ あなただけのもとへ,：1997/02/2,：TOCT-983
https://www.uta-net.com/song/65810/,影になって,松任谷由実,松任谷由実,松任谷由実,なんて不思議な光を浮かべた霧の夜なのどこへ続くの　街路樹の影たち指が痛いほど　残らずダイヤルしたけど呼びだしの音だけが耳の底にくりかえすこんなときはすぐにワードローブちらかしくたびれたシャツを選んで外へ出てゆこう　少し背中まるめ踊るように歩こう最終の電車が響き残して流れたいちばんなつかしい遠いイメージのように冷えだした手のひらで包んでる紙コップはドーナツ屋のうすいコーヒー真夜中は全てが媚びることもなくそれでいてやさしいむかし確かにどこかで出逢った一枚のネガ淋しい心から　きみを自由にするかるく透き通らせてむかし確かにどこかで出逢った一枚のネガ淋しい心から　きみを自由にするかるく透き通らせてなんて不思議な　なんて不思議な霧の夜なのどこへ続くの　街路樹の影たち,：1999/02/2,：TOCT-106
https://www.uta-net.com/song/1260/,翳りゆく部屋,松任谷由実,荒井由実,荒井由実,窓辺に置いた椅子にもたれあなたは夕陽見てたなげやりな別れの気配を横顔に漂わせ二人の言葉はあてもなく過ぎた日々をさまようふりむけばドアの隙間から宵闇が　しのび込むどんな運命が愛を遠ざけたの輝きはもどらないわたしが今死んでもランプを灯せば街は沈み窓には部屋が映る冷たい壁に耳をあてて靴音を追いかけたどんな運命が愛を遠ざけたの輝きはもどらないわたしが今死んでもどんな運命が愛を遠ざけたの輝きはもどらないわたしが今死んでも,：2001/11/1,：TOCT-247
https://www.uta-net.com/song/65811/,風のスケッチ,松任谷由実,松任谷由実,松任谷由実,丘にすわってスケッチした春水絵の具が溶けるように　家並み霞んでいたじっとしていて　あなたの横顔　指で囲んだ丘にのぼると迷いさえ晴れてまだ会わない素敵なこと　想い描けるからほんのひと足　早い風の色を　あなたにあげるいつも思い出が手を振っていてくれる次のバスに乗ってあなたが旅立つまでじっとしていて　遠く見てるまま　指で囲んだ風のスケッチ,：1993/07/2,：TODT-307
https://www.uta-net.com/song/54317/,風の中の栗毛,松任谷由実,YUMI MATSUTOYA,YUMI MATSUTOYA,ある朝私は光る風にまたがり煙った小路を滑るように駆けだす一鞭強くあてるとすぐに木立や雲は時間にとけて哀しい告白を託した郵便をとりかえすのよ　とりかえすのよあなたはまだ気付かないノックをしたなら封を切らず渡して今までどおりに笑いあえる人でいてそれから私は光る風につかまり流れる世界に羽根のように震えるなぜか瞳うるんでくるのは冷たい空気を吸い込むから愛になど泣かない少し前の私とりもどすのよ　とりもどすのよ何も見えなくなりそうある朝私は光る風にまたがりあなたの町へと露をけって急ぐの,,
https://www.uta-net.com/song/8908/,KATHMANDU,松任谷由実,YUMI MATSUTOYA,YUMI MATSUTOYA,One more time　One more chance　どうか与えて下さいやっと知った　答えのありかを　確かめるために銀に光る滑走路が雲の果てに見えるNo more tears　No more fears　眠れない夜を越えてきっとわかる　新しい愛に着陸できるよ手を伸ばせばエヴェレストに届くような気持ちGlory Hallelujah　ためらわないでGlory Hallelujah　そこへきみと翔べば　この世界が開けるhappy days Happy come　執着を捨てたとたんきっとわかる　いちばん大事なことは何なのか探し続けた未来がその瞳に見えたGlory Hallelujah　なんて近くにGlory Hallelujah　そこにきみがいれば　この世界が輝くGlory Hallelujah　ただあるがままGlory Hallelujah　そこにきみなしでは　この世界も消えるよGlory Hallelujah　ためらわないでGlory Hallelujah　そこへきみと翔べば　この世界が開けるGlory Hallelujah　聖地を映すGlory Hallelujah　瞳きみがいれば　この世界が輝く,：1995/12/0,：TOCT-930
https://www.uta-net.com/song/51767/,悲しいほどお天気,松任谷由実,Yumi Matsutoya,Yumi Matsutoya,上水ぞいの小径をときおり選んだ夏の盛りの日もそこだけ涼しくって名もない蔦や柳がひくくたれこめて絵を書く私達　それぞれひとりにさせたまるで先の人生を暗示するようにみんなまだ気づかず　すごしていたんだわずっといっしょに歩いてゆけるってだれもが思った　ム・ム…拝啓。今はどんな絵　仕上げていますか個展の案内の葉書きがうれしかったの臆病だった私は平凡に生きているみんなまだ信じてすごしていたんだわずっといっしょに歩いてゆけるってだれもが…いつまでも私の心のギャラリーにあるあなたの描いた風景は悲しいほどお天気　ム・ム…,：1999/02/2,：TOCT-106
https://www.uta-net.com/song/42230/,哀しみのルート16,松任谷由実,Yumi Matsutoya,Yumi Matsutoya,涙に濡れたセンターライン フィルムのように流れてゆくよ長距離便のひくいクラクション ふたり最後の航海の汽笛にきこえて来る Route16心変わり責めないわもっともっと好きだった もっともっとあなたより思い出が多すぎて この道は遠すぎて戻れない哀しみのRoute16海が見たいと気まぐれ云って ひきとめたりはしていないけどフロントグラスたたく雨粒 パイプラインが崩れるような音きこえて来る Route16別れに理由はないのならもっともっと会いたかった もっともっといつまでもそのままのきみでいて 死ぬときもそばにいてささやいた約束のRoute16涙に濡れたセンターライン フィルムのように流れてゆくよフロントグラスたたく雨粒 パイプラインが崩れるような音きこえて来る Route16心変わり責めないわもっともっと好きだった もっともっとあなたより思い出が多すぎて この道は遠すぎて戻れない哀しみのRoute16そのままのきみでいて 死ぬときもそばにいてささやいた約束のRoute16思い出が多すぎて この道は遠すぎて戻れない哀しみのRoute16,：2006/05/2,：TOCT-259
https://www.uta-net.com/song/30487/,哀しみを下さい,松任谷由実,Yumi Matsutoya,Yumi Matsutoya,さみだれの空を　便箋にして故なき哀しみ　つらつら綴るいつか　あのひとと見た夕焼け茜い　帯と家々の屋根明日は晴れそうな薄闇の雨さみだれの雲は　墨色流しうち消す想いに　沈んでゆくのけれど　西の方が朧ろげに明り　見えていたまぼろしに希望を持たせて　待たせたのにあきらめたあのひとよ　いちばん好きだった頃が今もまだ　今もまだ　心しめつけるのさみだれ乱れて　記憶の奥の癒せぬ恋しさ　つらつら辿るいつか　もう一度会える日をずっと　探してる放浪のお土産ばなしを書き留めるのあきらめたあのひとよ　どこかで変わらずいていつまでも　いつまでも　哀しみを下さいあきらめたあのひとよ　いちばん好きだった頃が今もまだ　今もまだ　心しめつけるの,：2001/06/0,：TOCT-246
https://www.uta-net.com/song/7959/,紙ヒコーキ,松任谷由実,荒井由実,荒井由実,あてはないけど 紙ヒコーキに愛のことばを走り書きしてくすんだレンガの街をみおろす窓のかたちに広がる空へとりとめのない気ままなものにどうしてこんなにひかれるのだろうとりとめのない気ままなものにどうしてこんなにひかれるのだろう屋根にのぼると 空は近いよあたまをひくく雲が流れる風のきらめき はねにたたんで紙ヒコーキは 空のかなたへ空のかなたへ空のかなたへ,,
https://www.uta-net.com/song/24378/,彼から手をひいて,松任谷由実,松任谷由実,松任谷由実,Keep off your hands!　彼から手をひいて私の大切なパートナーよ踊り明かす　ロッヂのディスコティーク誰にもじゃまはNo Noさせない(on Monday)　満員の夜行で　(on Tuesday)　高原の駅まで(on Wednesday)　彼をねらうのよ　(on Thursday)　ほかの娘たちまで気が気じゃない　困るじゃない　私眠れないKeep off your hands!　女が思うほど男はモテないっていうけど夢に見たの　二人だけのHolidayこっそり教えてちょうだい　ジルバ熱い視線　あの娘に投げたってそれは彼のほんの気まぐれ(on Friday)　パーティーの晩には　(on Saturday)　けんかにやじ馬(on Sunday)　仲直りにキスして　(and Monday)　街へと帰ろうやきもちは　あきあきと　知ってて好き好きKeep off your hands!　彼から手をひいてめんどうがおこらないうちにKeep off your hands!　彼は私のもの愛しすぎてる　Wow WowいいでしょうじゃまはNo NoさせないじゃまはNo Noさせない,：1999/02/2,：TOCT-106
https://www.uta-net.com/song/55281/,川景色,松任谷由実,YUMI MATSUTOYA,YUMI MATSUTOYA,川風は草を吹いてボンネットをすべって行った　いくども初夏の日は車とめて腕の中で野球を見ていたわ水面がまぶしすぎてなさけない顔になるあなたが好きあなただけが大事だった素敵な季節じっとしてね　ちょっとだけ光と影ゆらさずに恋が消えてしまったらこの景色も消えるから切りたての髪をおさえ今日も強い風の堤防おりれば想い出はとび石の数たぐりながら渡って向う岸流れが音をたてて足元あやうくするあなたのあとあなただけについて行った夢中の季節ときめいてね　ときどきは私のこと考えて恋が過ぎてしまってもこの川辺を走るならじっとしてね　ちょっとだけ光と影ゆらさずに恋が消えてしまったらこの景色も消えるからときめいてね　ときどきは私のこと考えて恋が過ぎてしまってもこの川辺を走るなら,：1999/02/2,：TOCT-106
https://www.uta-net.com/song/6602/,カンナ8号線,松任谷由実,松任谷由実,松任谷由実,チェックのシャツが風にふくらむうしろ姿を波をバックに焼きつけたかったまぶたの奥にそれははかない日光写真せつないかげろう胸のアルバム閉じる日が来るのこわかったずっと雲の影があなたを横切り…想い出にひかれてああ　ここまで来たけれどもあのころの二人はもうどこにもいないカンナの花が燃えてゆれてた中央分離帯どこへ行こうか待ちどおしかった日よう日いつかさそって昔のように笑いころげたいうらまないのもかわいくないでしょうだから気にせずにドアを開けて波をきこうよ…想い出にひかれてああ　ここまで来たけれどもあのころの二人はもうどこにもいない想い出にひかれてああ　ここまで来たけれどもあのころの二人はもうどこにもいない想い出にひかれてああ　ここまで来たけれどもあのころの二人はもうどこにもいない想い出にひかれてああ　ここまで来たけれどもあのころの二人はもうどこにもいない,：1999/02/2,：TOCT-106
https://www.uta-net.com/song/39768/,かんらん車,松任谷由実,YUMI MATSUTOYA,YUMI MATSUTOYA,すいた電車が住宅街ぬけてひとしきり冬枯れをふるわすあとに残った　ひとりの足音は川辺りの遊園地をたどるさびついたかんらん車に腰をおろせばゆるやかに空は巡りはじめあなたの住むあたり広がってゆくさよならが無性に恐かったはりつめた想いが遠くなるのいつしか雪が静かに舞いながらチャコールの下界へと流れてきっとあなたは窓の外を見てるあのひとの肩を抱きよせてつぎつぎと飛行船もゲームも止まり粉雪が空を埋づめてゆく終わりの暗示には美しすぎる私だけ　冬空の旅人地上に戻る頃　世界が止まる,：1999/02/2,：TOCT-106
https://www.uta-net.com/song/111227/,GIRL a go go,松任谷由実,松任谷由実,松任谷由実,オールも漕げないほどの急流流されそうなこともある雲さえ届かぬ険しい岩山行くしかないときもあるダイヤの汗と月の涙と虹のかけらをずっと敷きつめてそれゆけあなたはチャレンジの国へ手強い彼を倒しに何も感じずに生きてくよりも傷つくほうがましよかならず立ち直れる速さは経験に比例する知らない世界知ってる世界いつも未来は組み合わせしだいいざゆけあなたは精悍な戦士待ちうける彼を倒しにそれでもクラッシュしたときにはそこから始めればいいプライドの鎧ぶち抜いたなら彼はきっと目覚めるでしょういざゆけあなたは精悍な戦士愛する彼を救いにそれゆけあなたはチャレンジの国へまだ見ぬ自分探しに,,
https://www.uta-net.com/song/8784/,ガールフレンズ,松任谷由実,松任谷由実,松任谷由実,そう　みんなが云ったとおり先は見えてたのあの恋はついにこわれたわ想い出のせいじゃなく悲しかったのはけなげだったあの自分のせい用事をすませて　信号を抜けてひさしぶりに集ったふられた私に　みんなは陽気なガールフレンドうしろのシートでふさぎ込んでたら窓から夜風を送ってふられた私につけこむ誰かを今日はけちらして女だけでくり出せば暮れてゆく街に　あざやかな光踊りだすよおしえて　これから危なく生きたらだめなのそう　みんなが同じよに昔の笑顔はもう幼なすぎて作れない想い出のせいじゃなく悲しかったのはやさしすぎるから　あなたたちが,：1999/02/2,：TOCT-106
https://www.uta-net.com/song/11097/,帰愁,松任谷由実,Yumi Matsutoya,Yumi Matsutoya,許してほしかった　ふざけすぎた私ひさしぶりのそのまなざし　さよならがこわくて私の名前を呼び捨てにできない遠くなったあなたがいた　ゆうべは目の前にあの日からの悲しみを　素直に云えたらもう一度　髪にふれてくれたのラララララ　はじめてあなたと　どこで逢いラララララ　いつからあなたと愛し合いラララララ　渇いた瞳が離れないそれから　なみだ雲ばかり弱い心には嘘も忍び込むわ忘れるため身をゆだねた　ゆきずりのひとたち元気そうでよかったと　あなたはわらったけど云えなかった　ああ本当は　ずっと淋しかった人ごみは何もきかず私を包んで毎朝の駅へ流れてゆくラララララ　はじめてあなたと　どこで逢いラララララ　いつからあなたと愛し合いラララララ　渇いた瞳が離れないそれから　なみだ雲ばかり,,
https://www.uta-net.com/song/1511/,きっと言える,松任谷由実,荒井由実,荒井由実,南に向かう船のデッキで波を見つめてもしも夕陽がきれいだったら話しかけるわあなたが好き きっと言えるどんな場所で出会ったとしても風がささやく小麦畑で道をたずねて雲の下まで肩を並べて歩いていくのあなたが好き きっと言えるどんな場所で出会ったとしてもありきたりな街角でもいいすれちがってもきっとわたしはふり返えるはず恋はすぐそこあなたが好き きっと言えるどんな場所で出会ったとしてもあなたが好き きっと言えるどんな場所で出会ったとしても,,
https://www.uta-net.com/song/197813/,気づかず過ぎた初恋,松任谷由実,YUMING,YUMING,いつのまにか　それは私の胸にそっと舞い降りてある日　小さな芽をだしていたこわれそうなこの世界の中で　たったひとつ大切な何かが　生まれた風にふるえる気持はこぼれ落ちる涙はあなたへの愛だとは　気づかぬまま闇の中に　未来を見てたあの頃それは少しずつ空へ　私を運んでいった知らぬ間にあのときの不安は　あなたからのながい物語のはじまり雨にきらめく緑もふいに浮かぶポエムもあなたのいる世界に　気づいたから風にふるえる気持もこぼれ落ちる涙もあなたのいる世界に　気づいたから,：2016/11/0,：UPCH-204
https://www.uta-net.com/song/7949/,気ままな朝帰り,松任谷由実,松任谷由実,松任谷由実,北風のベンチでキスしながら心では門限を気にしてたなごりおしい顔をして半分ホッとして電車のドアで手をふる私そんな恋がいくつか過ぎたあと運命のいたずらに出逢ったのあれはたしかTeen Age 最後のクリスマスあなたに胸がふるえた家なんか出てしまおうなんとかくらしてもう二度としばられないけれどゆうべただひとりあなたを忘れるためにぎわう通り歩いた父親がうらめしかった昔がなんとなくてれくさくなつかしいだって今は誰ひとりとがめることもない気ままな朝帰りなの,：1999/02/2,：TOCT-106
https://www.uta-net.com/song/217712/,君(と僕)のBIRTHDAY,松任谷由実,YUMING,YUMING,高架線　渡る街に　夕焼けがはじまるヘッドライトもネオンも光りだす小さな花束持って　改札駆け抜けてきみより先に着かなきゃあの店にあんなこと言ったのは　本当に好きだからひとりぼっちがこわかったからきみがこの世に生まれてありがとう　Birthday渋滞のランプの列は　ゆれるキャンドルみたい僕の瞳の中を飛び去ってゆくきみもきっと急いでる　僕のこと想ってるきみより先に着かなきゃあの店にどんなことがあっても　二度とすれ違わないひとりぼっちにさせないからきみがこの世に生まれてありがとう　Birthday今日はきみのBirthday　素敵なきみのBirthday月も追いかけて来る今日はきみのBirthday　素敵なきみのBirthdayもうすぐ　もうすぐ会えるこんな気持ちがあると　思ってもみなかったひとりぼっちがこわかったからきみがこの世に生まれてありがとう　Birthdayひとりぼっちにさせないからきみがこの世に生まれてありがとう　Birthday,：2016/11/0,：UPCH-204
https://www.uta-net.com/song/10805/,きみなき世界,松任谷由実,Yumi Matsutoya,Yumi Matsutoya,きみがいなくなってから　初めての冬が来るきみなしの　きみなしの　途方もない時をぼくはもう　ぼくはもう　持て余しすぎてるあのときの言い訳をまだ　ぼくは後悔してるなぜだろう　なぜだろう　それしかなかったのに寂しくて　寂しくて　仕方なかった傷つけて　傷つけられても　なおまだ壊れてはいなかった　ぼくたちは　ぼくたちを捨てて来た　あのときにきみがいなくなってから　少し無口になったきみなしの　きみなしの　広すぎる世界でぼくはただ　ぼくはただ　座る場所探してるあれから全てが変わったのに二人の匂いはもうないのに　ああ　なのにきみには云えなかった　言葉があるんだできるなら　できるなら　時が戻るなら一度だけ　一度だけ　きみに云いたかったきみなしで　きみなしで　生きてゆくなんてどうしても　どうしても　ぼくにはできないきみなしの　きみなしの　途方もない時をぼくはもう　ぼくはもう　持て余しすぎてるきみなしの　きみなしの　広すぎる世界でぼくはただ　ぼくはただ　座る場所探してるきみなしの　きみなしの　途方もない時をぼくはもう　ぼくはもう　持て余しすぎてる,：1997/12/0,：TOCT-100
https://www.uta-net.com/song/55458/,キャサリン,松任谷由実,YUMI MATSUTOYA,YUMI MATSUTOYA,あなたがひとりこの駅に降り立ったことを耳にしたのは夏の終りの風が海へ抜ける頃暗い緑のReybanをほほにすべらせて涼しい瞳投げかけながら今朝の夢を横切った誰しも胸の片隅に煙るような影を抱くキャサリン　キャサリン時がへだてあなたは昔のままじゃない輝く日々の残像を追いかけるたびにあなたの声やそのブロンドがだぶるように見えて来るかわってしまった街角でかわったあなたにふりむくキャサリン　キャサリン時がへだて想い出だけを眩しくする誰しも胸の片隅に煙るような影を抱くキャサリン　キャサリン時がへだてあなたは昔のままじゃないキャサリン　キャサリン時がへだてみんなが昔のままじゃない,：1999/02/2,：TOCT-106
https://www.uta-net.com/song/6594/,Carry On,松任谷由実,松任谷由実,松任谷由実,終わりのない長い道をあなたはひとり走っている渇ききったその喘ぎが私にだけはきこえてくるCarry On… Carry On…決して孤独は代われないからあなたを待ち続けたいあなたを信じていたいあなたと闇を越えたい今はCarry Onもつれそうなストライドにまた絶望が襲いかかる傷だらけの夢をまとい打ちひしがれた姿でいいCarry On… Carry On…私が会えた素晴らしい人あなたを見つめていたいあなたに教えて欲しいあなたと分かち合いたい今をCarry Onモノクロームの時間が虹色に変わってゆくあなたの描くゴールにふれたとたんあなたを待ち続けたいあなたを信じていたいあなたと時を越えたいずっとCarry On終わりのない長い道に傾いてゆく夏の光あなたはただ走っている金の炎が燃える場所へCarry On(Carry On…),,
https://www.uta-net.com/song/13405/,霧雨で見えない,松任谷由実,松任谷由実,松任谷由実,なつかしさに　ぼんやりバスを降りた橋の上　霧雨の水銀燈探しはしないと誓った忘れた日はなかったまつげに停まった光がふるえて　見えない歩きだせば　追い越すヘッドライト長い影　生まれては消えてゆくきらったのじゃないと云ったすぐ戻ると信じた胸に降り続く光があふれて　見えない時よ速く流れて　雨よひくく流れて淋しさを呼びさますこの世界をどこかへ消して探しはしないと誓った忘れた日はなかったまつげに停まった光がふるえて　見えないきらったのじゃないと云ったすぐ戻ると信じた胸に降り続く光があふれて　見えない,：1999/02/2,：TOCT-106
https://www.uta-net.com/song/44993/,霧の中の影,松任谷由実,Yumi Matsutoya,Yumi Matsutoya,何も云わないで 前だけを見て走ってゆきましょうもうすぐ別れが 追いつくまでは深い霧に包まれて浮かぶフォグランプで映していって昔の景色すでに意味のない約束もふたりとともに消えてゆく凍る影は 心を佇ませて青い朝は あなたをおもかげにかえるから今は ああ今は 声にならないさよならだから云わないで きかせないで本当の終りをもうすぐ目覚めだす世界へとふたりのみ込まれてゆくまだ光は ひくくぼんやりとして長い冬は あなたいないことおしえるから今は ああ今は 何も何も云わないで凍る影は 心を佇ませて青い朝は あなたをおもかげにかえるから今は ああ今は 声にならないさよなら,：2004/11/1,：TOCT-256
https://www.uta-net.com/song/39767/,9月には帰らない,松任谷由実,Yumi Matsutoya,Yumi Matsutoya,9月には 帰らないただひとり 残っても明日あたり 燈台へ波しぶき見に行こう未来が霧に 閉ざされていた頃はこの潮騒が 重すぎて 泣いた今はもう負けないわ9月には帰らない無口な人は 夏の日のはかなさをうまく言えずに バスの窓おろす今はもう負けないわ9月には帰らない9月には帰らない,,
https://www.uta-net.com/song/65813/,9月の蝉しぐれ,松任谷由実,松任谷由実,松任谷由実,ありがとうと云える日来ることなんてないと思っていたどうして　どこからこの電話をくれたのゆずれなかった恋に卑怯に見えたあなたの沈黙がどうして　今では優しさに思えるおしえて　大人になるっていうのはもう　平気になる心死にたい程傷ついてもなつかしいこと学校の坂道の下のバス停まだ夏服着てたいっしょに帰った9月の蝉しぐれ哀しい　なきやんでしまわないでああ　一途な面影よ深みどりがまたひと刷毛薄れるみたいおしえて　大人になるっていうのはもう　平気になる心死にたい程傷ついてもなつかしいこと,：1991/11/2,：TOCT-630
https://www.uta-net.com/song/7960/,曇り空,松任谷由実,荒井由実,荒井由実,二階の窓を開け放したら霧が部屋まで流れてきそうやさしい雨が降ってくるのをずっとぼんやり待っていたのよきのうは曇り空 きっとそのせいかしらきのうは曇り空 外に出たくなかったのきまぐれだっておこらないでね本気で好きになりそうだから約束だけは気にしてたけど急にやぶってみたくなったのきのうは曇り空 きっとそのせいかしらきのうは曇り空 外に出たくなかったのきのうは曇り空 きっとそのせいかしらきのうは曇り空 外に出たくなかったの,,
https://www.uta-net.com/song/55424/,クロームの太陽,松任谷由実,YUMI MATSUTOYA,YUMI MATSUTOYA,湾岸線のトンネルのこだまが錆びかけていた　ハートを振るわせた焦げたオイルと　海風の匂は今でもギアに染みついたまま苛立ちながら　軋み合う心で明日に向って　アクセルふかしてた着くはずのない　パラダイスは色褪せて　そして誰も　いなくなったもっと叫んで　昔みたいに　トンネルの彼方へもっと燃やして　私の前で　合金(クローム)の太陽追いかけて　ねえ　エンジェルス朝が近づく　あのコーナー過ぎると白くぼやけた　出口にさしかかる終ることない　日常がたちこめて　そして誰も　いなくなったもっと叫んで　そのエンジンで　束縛を蹴散らしもっと見させて　たった今だけ　戻らない時間をぶっちぎれ　このままそれは偶然　抜き去ってゆく　青春のゴーストずっととばして　ミラーの中の　パラレルのロードをもっと叫んで　昔みたいに　トンネルの彼方へもっと燃やして　私の前で　合金(クローム)の太陽もっと叫んで　そのエンジンで　束縛を蹴散らしもっと見させて　たった今だけ　戻らない時間をもっと叫んで　昔みたいに　トンネルの彼方へもっと燃やして　私の前で　合金(クローム)の太陽もっと叫んで　そのエンジンで　束縛を蹴散らしもっと見させて　たった今だけ　戻らない時間を,：1995/12/0,：TOCT-930
https://www.uta-net.com/song/1681/,Good-bye Goes by,松任谷由実,松任谷由実,松任谷由実,にわか雨がタップダンスで朝の通り 渡って行った雲のない10月のブルーきみの出番を待っている泣き明かした夜に good-byeあてのない電話はもういらないくすぶった日曜日 goes byさあ取り返すの走りだしたバスに飛び乗り息をつけば 街も流れて痛いほどしがみついていた時はゆく せつないけど駆け引きした夏に good-bye止めどないジェラシーはもうおしまいばら色の人生 goes by愛をつかまえて新しいステップ きこえて来る ほら泣き明かした夜に good-byeあてのない電話はもういらないくすぶった日曜日 goes byさあ取り返すの駆け引きした夏に good-bye止めどない後悔もういらない虹色の未来が by and by愛をくれるから泣き明かした夜に good-byeあてのない電話はもういらない,：1999/02/2,：TOCT-106
https://www.uta-net.com/song/13410/,Good-bye friend,松任谷由実,松任谷由実,松任谷由実,淋しくて　淋しくて　君のこと想うよ離れても　胸の奥の　友達でいさせて君を失くした　光の中に指をかざした　眩しくて見えない堤防なぜこんなにも　とり残されてどのざわめきも鏡の向うへと消えてく悲しくて　悲しくて　帰り道探したもう二度と会えなくても　友達と呼ばせて君はとっくに知っていたよねすぐ燃えつきるイカロスの翼に乗ったと淋しくて　淋しくて　君のこと想うよ離れても　胸の奥の　友達でいさせて僕が生き急ぐときには　そっとたしなめておくれよ悲しくて　悲しくて　君の名を呼んでもめぐり来ぬ　あの夏の日　君を失くしてから淋しくて　淋しくて　君のこと想うよ離れても　胸の奥に　ずっと生きてるから友達でいるから　友達でいさせて,：1994/07/2,：TODT-330
https://www.uta-net.com/song/42734/,Good luck and Good bye,松任谷由実,荒井由実,荒井由実,なつかしいあのひとに 人ごみの中で会った微笑む顔が 少しはにかむの昔のままだわ傷ついた恋なのに もう跡形もないのよ偶然会えたら 泣きだしちゃうと思っていたのにショウ・ウィンドを 横目で見れば待ち合わせした頃を 想うけど今はもう 別々の恋人が待つ場所へと降りだした雨に 追いたてられて急いでゆくのよやっぱりあなた 送ってほしいわたしのバスが 遠く消えるまでふりかえる大通り あのひとに見えるように混んだバスの くもった窓に書く大きく Good luck and Good bye大きく Good luck and Good bye大きく Good luck and Good byeMm… Good luck and Good bye,：2004/02/1,：TOCT-253
https://www.uta-net.com/song/30486/,groove in retro,松任谷由実,松任谷由実,松任谷由実,Oh yeahジェット機に乗ってパープルの雲の上へOh yeah乱気流ぬけて肘掛けの指をはずし冷えたワインの縁の唇の跡に恋をしてるOh yeahレトロなグルーヴあなたの寝息と Flyin' HighOh yeah帰らない日々も行く先も忘れずっと世界は回り続け愛のカプセルは浮かんだまま半日程の時差を吸い込むトンネルつかまえてるOh yeahレトロなグルーヴかりそめの嘆きFlyin' HighOh yeahジェット機に乗って行く先も忘れずっとOh yeah Oh yeah Oh yeah,：1998/11/0,：TOCT-240
https://www.uta-net.com/song/65814/,グループ,松任谷由実,松任谷由実,松任谷由実,出席いたしますと　返事を出したわ似合いのあのひとたち　パーティーはもうすぐああ本当のことを云えば　秘かなめあてはあなたもきっと来ると信じているから過ぎ去った季節あなたは陽気な学校一の遊び人私とあなたと　彼女と彼とで笑ったカフェテリアたそがれがせまるころはシャンパンはじけてあなたも二人のため　グラスを空けるいくつもの恋が生まれたり消えたりあなたは仕事で遠くへ行ったたそがれせまるころはシャンパンはじけて新郎　新婦はゆく　私達の前を過ぎ去った季節あなたは陽気な学校一の遊び人私とあなたと　彼女と彼とで笑ったカフェテリアそっとかけよるか　姿をかくすかそれはそのとき決めることすぐに見つけなきゃあなたが私に気づくよりはやくそっとかけよるか　姿をかくすかそれはそのとき決めること昔とおんなじまぶしいあなたが立っているかしら過ぎ去った季節あなたは陽気な学校一の遊び人顔を合わせても戻ることのない素敵なグループ,：1999/02/2,：TOCT-106
https://www.uta-net.com/song/217711/,GREY,松任谷由実,YUMING,YUMING,グレイ黄昏が夜に名残を惜しむ…グレイまだしばらくは明り灯さず窓にもたれて会えなくなったひとの気配抱きしめてみる霧雨が街の影をうるます…グレイ忘れていった傘をひらけばなぜかそこだけ雨も時の流れも止まる静かな通り私の心はアッシュトレイ灰を落とす彼のくせと指先なつかしむ　小さな大理石グレイ世界中の恋がくゆらす煙…グレイゆっくり空に昇っていって燃え尽きた日々思い起こすように漂う美しい色私の心はアッシュトレイ灰を落とす彼のくせと指先なつかしむ　小さな大理石,：2016/11/0,：UPCH-204
https://www.uta-net.com/song/65815/,グレイス・スリックの肖像,松任谷由実,松任谷由実,松任谷由実,「私を忘れてからもうどれくらいたちますか」少し悲しげにつぶやく　写真のグレイス彼女の長い髪と激しい歌が好きでしたいつしか棚の片隅に眠ったアイドルみんなここに来てアンプに火を入れてひとりの心の扉　ノックしてあなたを忘れてからいろんな人を傷つけてそれさえ忘れて私はすごしてしまったみんなここに来て哀しいプレイをしてさまよう渇いた日々をなぐさめてみんなここに来て過ぎた時を見せて深まる夜の静寂へ　つれてって,：1999/02/2,：TOCT-106
https://www.uta-net.com/song/55269/,Glory Birdland,松任谷由実,松任谷由実,松任谷由実,むかし昔　目も眩む金色の鳥が深い深いバンブーの森にいたと云う夜明けの晩しか咲かない百合の雫を吸うのを見た者は戻って来ないさあ行こう　あの禁断の　Holy Island見つけよう　勇気を出して　Glory Birdland遠い昔　私達　タブーを侵して高いビルとハイウェイの森で　又逢ったはぐれた記憶を今つなぎ合い悲しい予感をぬぐい去るように抱いてさあ行こう　あの懐かしい　Holy Islandかけ出そう　指をからめて　Glory Birdlandいつも幸せは　ひき返さない光をなびかせ　ほら先へ　先へ誘うさあ行こう　消えないうちに　Holy Islandかけ出そう　指をからめて　Glory Birdlandさあ行こう　あの禁断の　Holy Island見つけよう　勇気を出して　Glory Birdlandさあ行こう　消えないうちに　Holy Islandかけ出そう　指をからめて　Glory Birdland,：1990/11/2,：TOCT-590
https://www.uta-net.com/song/54644/,結婚式をブッ飛ばせ,松任谷由実,Yumi Matsutoya,Yumi Matsutoya,バージンロードに立ったら　これはまちがいとわかったそのとき　ドアが開いたOh wedding bell is ringing out of town気づいたときには手遅れ　並んでひざまづく祭壇式はもう　ハイライト異変はここで起ったの　誓いの言葉が言えないMy God!　だってそうじゃない　うそはつけないWhat you gonna sayOh yes!　いくら好きでも一生なんて愛せない貧しいときにも病んでも　迷える羊に救いを下さい　神様なら長すぎる沈黙のあと　口をついて出た言葉は...My God!　あわてるあなた　あきれる神父What you gonna doOh yes!　いくら好きでも私の愛は縛れないガス漏れのようなため息が教会に充満したときMy God!　ここを出なくちゃ　逃げ出さなくちゃWhat you gonna doOh yes!　仮面かぶった結婚なんてまっぴらよMy God!　ころがる指輪　泣きだす家族What you gonna doOh yes!　火花飛ばして結婚式をブッ飛ばせMy God!　あわてるあなた　あきれる神父What you gonna doOh yes!　だってそうじゃない　うそはつけない神様に,：1997/12/0,：TOCT-100
https://www.uta-net.com/song/54245/,結婚ルーレット,松任谷由実,松任谷由実,松任谷由実,コップのウォッカがこぼれ落ちる寸前までコインを沈め合うのそんなかけひきも近頃はもどかしくていっそ倒したくなるもっと　もっと　やさしくしてそれはお互いさまホイップし過ぎたらしぼむ恋はメレンゲちょうど良い頃合いに止めてよ最後の線で待っているの　プロポーズ私って　サイテーだわおそる　おそる　弾き金を引く弾丸は一発だけ裏目に出たときは全てが消えるときまるで電光石火　ルシアン・ルーレットもっと　もっと　やさしくしてそれは　お互いさまホイップし過ぎたらしぼむ恋はメレンゲちょうど良い頃合いに止めてよ裏目に出たときは全てが消えるときまるで電光石火　結婚ルーレット,：1999/02/2,：TOCT-106
https://www.uta-net.com/song/8115/,GET AWAY,松任谷由実,松任谷由実,松任谷由実,Lonely heart 彼と会えなくなるもう 明日は冬休みSweet my heart 近づく時間切れさあ きっと つかまえるソワソワ聴いていた最後の授業今 ベルが鳴る愛してる Believe me ノートを閉じてとびだそう Believe me ロッカー蹴ってLonely night 夢が見えないときもう ひとりにさせないHold me tight 雪に彩られてねえ 思い出作ろうもっと知らなくてはならないことがほら 待っているどこまでも Believe me 全て預けてかけだそう Believe me 次のステージ愛してる Believe me 100パーセントとびだそう Believe me 道の向うへAll right 勇気をだして目をつぶってるまに 決めて愛してる Believe me 誰よりも強くとびだそう Believe me 誰よりもはやくどこまでも Believe me 手に手をとってかけだそう Believe me 二人で Get away愛してる Believe me 100パーセントとびだそう Believe me 道の向うへどこまでも Believe me 全て預けてかけだそう Believe me 次のステージ愛してる Believe me 誰よりも強くとびだそう Believe me 誰よりもはやくどこまでも Believe me 手に手をとってかけだそう Believe me 二人で Get away…,：1994/11/2,：TOCT-860
https://www.uta-net.com/song/54438/,月曜日のロボット,松任谷由実,松任谷由実,松任谷由実,アラームレイディオ　デジタルの時刻ああ　せかさないで息が白い　曇った舗道をなぜ足は進むパスを見せて　ブザー鳴って　階段おりてわからないのよ　どこに向かっているのか白い線で　列になって　ドアが開いて知らないことは　悩まなくていいMANUFACTURE Wooo甘い夢は鋼鉄のマスクのああ　下に秘めてレスト・ルームのひとりの鏡でそっとウィンクしてみるカード押して　おじぎをして　ファクスを受けていつか愛するあなたとめぐり逢うまでタイプ打って　コピーとって　ランチ広げてあなたもきっとどこかで戦うMANUFACTURE WoooRescue　私を　Rescue　虚ろなRescue　迷宮から　救ってBlue Blue on Blueいつか愛するあなたとめぐり逢いたいBlue Blue on Blueあなたも同じことを想うの熱いプラズマ　私に吹き込んでああ　月曜日のロボットに,：1999/02/2,：TOCT-106
https://www.uta-net.com/song/11764/,恋の一時間は孤独の千年,松任谷由実,松任谷由実,松任谷由実,隣り町もゆれる　花火の晩光の降る川に　舟を出すのDing Dong　流れてゆきたいのずっと暗い海にそそいでも大切な荷物もみんな捨てて腕の中へ恋の一時間は孤独の千年禁じられた恋は　瑠璃色の鳥見えない夜なのに　かごを抜けるDing Dong　はばたいてみたいのずっと誰かを悲しませても帰る場所はもうないの力尽きる日まで恋の一時間は孤独の千年たとえば10年後の花火の晩約束の川辺に　呼び出してねDing Dong　人混みをすりぬけきっと涙があふれるかしらまだ愛し合っていても遠くなっていても恋の一時間は孤独の千年,,
https://www.uta-net.com/song/41035/,恋のスーパーパラシューター,松任谷由実,荒井由実,荒井由実,赤いレザーのジャンプスーツはわたしの燃えるハートのしるし霧の晴れまにあなたが見えたらベルトをつけて準備完了 たったひとつの恋の真上に落ちてゆけたら死んでもいいわ恋のスーパーパラシューターOh yah!包みきれない あなたの心はきまぐれ色の海それとも空熱い想いを風にまかせてとびおりるからきっとうけとめてたったひとつの恋の真上に落ちてゆけたら死んでもいいわ恋のスーパーパラシューターOh yah!たったひとつの恋の真上に落ちてゆけたら死んでもいいわ恋のスーパーパラシューターOh yah!,,
https://www.uta-net.com/song/44976/,恋の苦さとため息と,松任谷由実,Yumi Matsutoya,Yumi Matsutoya,ダイヤのため息 のみ干すマティーニはじめて知ったの 恋の苦さをいますぐ会いたい 文字にはできない想いは住処を無くしてる ha ahあなたに心を奪われてからグラスに残った オリーブ ひとりぼっちうず巻く夜景に沈んでる ha ahあなたに心を奪われたからそれだけで足がふらつく最上階の窓月灯りとダンスダンスベルベットブルーの雲を滑るように私の恋は輝きながらこぼれてゆくのいますぐ会いたい電話じゃかなしい冷たい指先あたためて ha ahダイヤのため息 月凍る街ではじめて知ったの 恋の苦しさと歓びを,：2004/11/1,：TOCT-256
https://www.uta-net.com/song/65816/,恋は死んでしまった,松任谷由実,松任谷由実,松任谷由実,冬の街灯りに立ち止まって電話してみたほんのひと言でもどうしてるのか　ただ知りたくて戻れない場所がきっとずっと今もそこにあるのNovember　声を聞くだけで2度ときみに会えないよRemember　過ぎた約束は煙る道に浮んでるだって恋は死んでしまった夜は街灯りに初雪舞う　港　交差点泣いておこった頃がなつかしくて　苦しくなるよバラ色の部屋できっとずっと今も待っているのNovember　胸でうでをくみ白い息を見つめてるRemember　みんな去ってゆく青い影をたち切ってだって恋は死んでしまったNovember　声を聞くだけで2度ときみに会えないよRemember　過ぎた約束は煙る道に浮んでるだって恋は死んでしまったNovember　胸でうでをくみ白い息を見つめてるRemember　みんな去ってゆく青い影をたち切ってだって恋は死んでしまった,：1999/11/1,：TOCT-243
https://www.uta-net.com/song/6971/,恋はNO-Return,松任谷由実,松任谷由実,松任谷由実,思いきりひっぱたいたのは柄になくこわかったからよLove Affairでいいなら他のひとにして今なら3日だけ泣いて忘れられるまだ早いわ 待って 欲しい恋は No-returnあなたとならもっと 高く熱く Fire burns走りだせば きっと 止まれないわNo-return天国の前にハートを見せて三日月が綺麗だったけどおこしましょ リクライニングシートくちびるが重なる直前わかったイカシた車でもこの愛は釣れないまだ早いわ 待って 欲しい恋は No-returnあなたとならもっと 高く熱く Fire burns走りだせば きっと 止まらないわNo-return情熱に罪はないんだけどWoo 確かめて 踏み出して大事な Just one light KISSJust one light KISSJust one light KISSまだ早いわ 待って 欲しい恋は No-returnあなたとならもっと 高く熱く Fire burns走りだせば きっと 止まれないわNo-return天国の前にハートを見せてまだ早いわ 待って 欲しい恋は No-returnあなたとならもっと 高く熱く Fire burns走りだせば きっと 止まらないわNo-return情熱に罪はないんだけど,：1999/02/2,：TOCT-106
https://www.uta-net.com/song/1862/,恋人がサンタクロース,松任谷由実,松任谷由実,松任谷由実,昔　となりのおしゃれなおねえさんはクリスマスの日　私に云った今夜　8時になれば　サンタが家にやって来るちがうよ　それは絵本だけのおはなしそういう私に　ウィンクしてでもね　大人になれば　あなたもわかる　そのうちに恋人がサンタクロース本当はサンタクロース　つむじ風追い越して恋人がサンタクロース背の高いサンタクロース　雪の街から来たあれから　いくつ冬がめぐり来たでしょう今も彼女を　思い出すけどある日遠い街へとサンタがつれて行ったきりそうよ　明日になれば　私も　きっとわかるはず恋人がサンタクロース本当はサンタクロース　プレゼントをかかえて恋人がサンタクロース寒そうにサンタクロース　雪の街から来る恋人がサンタクロース本当はサンタクロース　つむじ風追い越して恋人がサンタクロース背の高いサンタクロース　私の家に来る恋人がサンタクロース本当はサンタクロース　プレゼントをかかえて恋人がサンタクロース寒そうにサンタクロース　雪の街から来る恋人がサンタクロース本当はサンタクロース　つむじ風追い越して恋人がサンタクロース背の高いサンタクロース　私の家に来る,：1999/02/2,：TOCT-106
https://www.uta-net.com/song/126890/,恋をリリース,松任谷由実,松任谷由実,松任谷由実,彼女とうでくみやって来て　急にかくれないで張り合おうなんて思わない　手放した恋だもの誰が悪いっていうわけじゃない　なのにこの気持どうして別に理由なんかいらないわ　ハートには羽根が生えてるずっと かっこつけててね　もっと 素敵になってねちょっと マジメになって　誰か愛してきっと キライになれない　そっと しまっておきたいだって みじかくても　夢中だったひとちゃちな指輪でもうれしくて　太陽にかざしてたある日セーターにひっかけて　宝石(いし)だけ失くしてた何にこだわってたのかしら　こぼれ落ちた涙と笑いはじけた時だけが　瞳の底に残ったずっと あとにはひけない　もっと 素直になりたいちょっと 思い出したい淋しいときはぐっと　やさしくなれそう　ふっと ふりかえれるかもおっと　私ゆくわ　次が待ってるわかってる いわれなくたって　彼はまだ子供だってわかってる 痛い目にあって　人は皆大人になれるずっと かっこつけててね　もっと 素敵になってねちょっと マジメになって　誰か愛してきっと キライになれない　そっと しまっておきたいだって みじかくても　夢中だったひとずっと あとにはひけない　もっと 素直になりたいちょっと 思い出したい淋しいときはぐっと　やさしくなれそう　ふっと ふりかえれるかもおっと　私ゆくわ　次が待ってる,,
https://www.uta-net.com/song/111229/,コインの裏側,松任谷由実,松任谷由実,松任谷由実,"遠くの灯りと　並んで走るさよならを決めた　ひとりのハイウェイGood days, but bad days　コインの裏側You said, so I said　どちらでも同じ雪が降りそうな　銅色の空よ消え残す熱を　伝えておくれLove songs, but sad songs　口ずさみながらThey sing, and I sang　忘れようとしたまだ愛してる　まだ愛してるよまだわからない　わからずにいるよなぜ私たち離れなくては　いけないのかをあなたは私に　来てくれといった私はあなたに　待ってるといったGood days, but bad days　コインの裏側He said, but she said　同じじゃないのねただ問いかける　ただ問いかけるよただおそれてた　おそれてたときが今こうしてる　この果てしない　時のことかと舞いだした白い羽根　受けとめてワイパーを　動かさずまだ　愛して…まだ愛してる　まだ愛してるよまだわからない　わからずにいるよなぜ私たち離れなくては　いけないのかをただ問いかけるよただおそれてた　おそれてたときがまだ愛してる　まだ愛してるよまだわからない　わからずにいるよ",,
https://www.uta-net.com/song/11892/,航海日誌,松任谷由実,松任谷由実,松任谷由実,船が夜をすべり 港へ向かうころ傷ついた心も やがて消えゆく星くずと私の静かなランデブー潮風のデッキは 人影もな遠く去ったあの人の声がきこえるあふれる想いに まだ胸は熱いけれどきらめく海に捨てよう 後悔日誌はるかな船旅のあいだにつづった哀しみはあのころの私は こわれたグランドピアノかなでる 曲はただ せつないノクターンうつろう 青春に 身をまかせていれば長い人生さえ 宇宙のかけら遠く去った あの人の声がきこえるあふれる想いに まだ胸は熱いけれどきらめく海に捨てよう 後悔日誌はるかな 船旅のあいだにつづったきらめく海に捨てよう 後悔日誌はるかな 船旅のあいだにつづった哀しみは,：2000/04/2,：TOCT-107
https://www.uta-net.com/song/57813/,木枯らしのダイアリー,松任谷由実,松任谷由実,松任谷由実,今朝窓を開けたら　息が白くなったあなたのいないはじめての冬が空を覆った眠っているあいだに電車を乗り越して　休みにしてしまったオーバーを着て　一日きままに街を歩く想い出と腕をくみ火よう日　曇り　午後のデパート消えそうな西日ねえ　元気でいるの変わってゆくの悲しくて　すすめなくなるの木枯らしよ　めくって　ダイアリー去年同じ月は　けんかばかりしてたあなたのことをそれでもどれだけ好きかわかる今頃読み返えすと木よう日　雪　風邪をこじらせ電話がせつないもう誰かといるの夢はかなったの顔だけがうかばなくなるのねえ　元気でいるの変わってゆくの悲しくて　すすめなくなるの木枯らしよ　めくって　新しいダイアリー,：1999/02/2,：TOCT-106
https://www.uta-net.com/song/9559/,告白,松任谷由実,松任谷由実,松任谷由実,はじめから わかってた かくせはしないことはじめから わかってた こんな日が来ることDon't mistake tomorrow 云わなくちゃ偽りは脱ぎ捨てて 自由のためこのままじゃ 何もかも 壊されていくことこのままじゃ 永遠に 結ばれないことDon't be afraid of sorrow 恐れずに告白はただひとつの絆だから愛を測らないで 比べないで禁断の愛などないの No No Noもう一度 やり直す つもりはないわもう一度 くり返す 時間はないわDon't mistake tomorrow 行かなくちゃ失くすなら 失くすだけの 運命だから愛に負けないで 流されないで信じてるドアを開けて Hey Hey HeyDon't be afraid of sorrow 恐れずに苦しさをぶちまけて 自由のために愛に負けないで 流されないでそこにあるドアを開けて Hey Hey Hey,：1997/01/2,：TODT-392
https://www.uta-net.com/song/55282/,心のまま,松任谷由実,YUMI MATSUTOYA,YUMI MATSUTOYA,Hurry up　心のままHurry up　とても愛している細いマスト鳴らし海流に乗ったように許して今まで傷つけた今では会えないあのひとに届かせて　潮の便り私の見た雲は　馬のかたちあなた何に見えた言葉にしてるまにちぎれてゆくそれは愛に似てるHurry up　心のままHurry up　とても愛している細いマスト鳴らし海流に乗ったように許して今まで傷つけた今では会えないあのひとに届かせて　潮の便り私が好きなのは　嵐のあと光る水平線しけた海もやがて月を映す銀の鏡になるHurry up　心のままHurry up　今は急いでみる叫ぶような風にじっと身をさらしながら許して今まで傷つけた今では会えないあのひとに届かせてああ許して今まで傷つけた今では会えないあの人へ旅をする心のまま(RIB II世号に捧ぐ),：1999/02/2,：TOCT-106
https://www.uta-net.com/song/24373/,心ほどいて,松任谷由実,松任谷由実,松任谷由実,"そしてヴェールをあげて　彼と向い合うときあなたが遅れて席につくのがわかった密やかなぬくもりも　燃えつきたあの約束もカテドラルから　高い窓から空へ逃がすのYou're so far,far awayYou're so far,so far away私のうそをみんなひきうけて　あなた離れてゆくの学生時代のまま　時が止まっていたねさよならを込めて横を通り過ぎるまで彼と寄りそいゆくわ　ずっと大切に思うわいつかあなたに　いつか自分に誇れるようにYou're so far,far awayYou're so far,so far away途切れた夢をみんなひきとって　あなた離れてゆくの見つめ合えずに　なじりもせずに心ほどいてYou're so far,far awayYou're so far,誰よりもYou're so far,You're so far away私のうそをみんなひきうけて　あなた離れてゆくのFar awayYou're so far,so far awayYou're so far,far awayYou're so far,far awayYou're so far,far away",：1999/02/2,：TOCT-106
https://www.uta-net.com/song/24376/,この愛にふりむいて,松任谷由実,松任谷由実,松任谷由実,それでも　Come back to me別の恋していてもあなたがやっぱり　遠くへ行くと思えないどこかで　Remember meつぶれそうな　雨の晩私は無性にあなたに会いたかった離れてから　月日を見送るうちに淋しさとも　友達になれたＭm　離れてから　たぶん前より少しは大人になったそれでも　Come back to me傷つきもしたけれどもう一度　お願いこの愛にふりむいて噂さえもやがて届かなくなっていつか違う　幸せに出会うあきらめれば　自由になれて泣くこともなくなるのにそれでも　Come back to me伝えたいことばかり迷える羊に　今夜は眠れないのどこかで　Remember me番号は変えないわもう一度　Come back to meこの愛にふりむいて,,
https://www.uta-net.com/song/41031/,COBALT HOUR,松任谷由実,荒井由実,荒井由実,夜の都会を　さあ飛び越えて1960年へバックミラーに吸い込まれてくちりばめられた　光の中へ港へ続く高速道路空を流れるミルキィウェイさ海の匂いの冷い風が白いベレG包みはじめる夜明けの金星　消えゆく空はコバルト真夏の棧橋　彼方に浮かぶ朝焼けあなたは昔　SHONAN-BOYわたしは昔　YOKOSUKA-GIRLなつかしすぎる海が見えたら二人の胸によみがえる恋夜明けの金星　消えゆく空はコバルト真夏の棧橋　彼方に浮かぶ朝焼け彼方に浮かぶ朝焼け,：2000/04/2,：TOCT-107
https://www.uta-net.com/song/7971/,コンパートメント,松任谷由実,松任谷由実,松任谷由実,白い眠りぐすり冷たい水が運ばれて来る似てる苦しみ持つ人はゆく先をきかない闇をすべる汽車は氷河のようにゆるやかだけど幼い頃住んだ町は離れてゆくばかりあのひとが愛のかわりに残していったのは声たてて笑ったあとに遠くを見つめるくせそばにいられるなら熱い瞳は交せなくても歓ぶ顔に喜べるゆれる影でいたいどなたか私を降ろさせて忘却列車のデッキからどなたか私をあわれんでこのまま冷めだす自分が哀しいもしや愛は戻るそんなのぞみは小箱に入れて輝く真鍮の鍵を線路に投げましょうあのひとの途切れた声のゆくえ探すようにすれちがう同じコロンにふりむいてしまうくせ白い眠りぐすり冷たい水と喉に溶ければつややかな馬にまたがりテムズを渡る夢 やがて私は着く全てが見える明るい場所へけれどそこは朝ではなく白夜の荒野です,：1999/02/2,：TOCT-106
https://www.uta-net.com/song/65817/,Called Game,松任谷由実,松任谷由実,松任谷由実,9回表　止まない雨にコールドゲームがついに　告げられたマウンド降りる　あなたの影をバッターボックスから見送ったCold Rain　ずぶ濡れのCold Rain　冷たさにただなすすべもなく　離れてゆくのねあなたのいない静かな部屋を消さないTVの雨の音が仄白く照らしていた思い出してた　あのストレートをあなたが投げたときから始まったCalled Game　容赦なくCalled Game　時はゆき二人はぬかるみに　戦い続けたあなたのいない静かな部屋に留守番電話のさようならが遠くで響いていた,：1997/02/2,：TOCT-983
https://www.uta-net.com/song/7970/,5cmの向こう岸,松任谷由実,松任谷由実,松任谷由実,最初からわかってたのはパンプスははけないってこと歩きつつ彼と話すと知らぬまに猫背になるの七夕のパレードを見に腕をくみ人ごみ泳げばでくわしたクラスメイトが次の朝みんなで笑う彼は誰なの どこで見つけたのでもかわいいね あなたより背が低い並んだら5cmもそれ以来 急に気になり心もち離れて歩いた 人前で冷たくしたりわけもなく傷つけだした僕もまえから おかしかったのさやっぱり二人合わないよ 背がちがう並んだら5cmもさよならは混んでたディスコはじめてで最後のチークタイムあのひとのおでこの上でいつまでも鼻をすすったあの日のダンス 本物だったね今は似合いのTinyな女の子つれてるときいたけどあんなダンスは二度とできないね子供だったの 5cmの向う岸二人とも渡れずに若いころには人目が大事よもっと大事なやさしさを失くしても気づかない こともあるラララ…,：1999/02/2,：TOCT-106
https://www.uta-net.com/song/65818/,午前4時の電話,松任谷由実,松任谷由実,松任谷由実,Who are you?　午前4時　電話かけてくる少し淋しい遠い声　でもね迷惑よたぶん外からね　街の音がするあの日別れを決めたのもこんな蒼い朝やっと忘れかけたのそのしゃべり方　そのおどけ方ずっと会いたかったの一目だけでも　仕方なくてもWho are you?　眠いのよ　瞼はれているすぐに行くよと云われてもドアは開けないわ優しいことが　残酷になるどうぞ悪く思わないできっと愛しているのその黙り方　その甘え方そっと泣きたかったの帰れないから　過ぎてゆくから夜が明けて来た　窓のすきまからうれしかったわ声きけてWho are you?　またいつかあの日別れを決めたのもこんな蒼い朝Who are you?Who are you?Who are you?,：1999/02/2,：TOCT-106
https://www.uta-net.com/song/9408/,最後の嘘,松任谷由実,松任谷由実,松任谷由実,朝陽が差し込むアパートに暮らしだしたのは　いつの日かはずしたフレームの跡の壁の白さ想い出が遠いこと教えてる上手に後悔するために二人はひたすら黙り込むゆうべ散らかしたテーブルはそのままに愛だけが流れ去り　今日は続くTell a lie　最後だけ本当の嘘をついてよきみが嫌いになったって失くした言葉はかけないで弱気なあなたにならないで同じ気持ちじゃないのを知っていてもとなりで眠っていた　私のためTell a lie　一度だけ心から嘘をついてよすぐに忘れてしまうってTell a lie　最後だけ本当の嘘をついてよきみが嫌いになったってTell a lie　一度だけ心から嘘をついてよすぐに忘れてしまうって,：1998/11/0,：TOCT-240
https://www.uta-net.com/song/2016/,最後の春休み,松任谷由実,松任谷由実,松任谷由実,春休みのロッカー室に忘れたものをとりに行ったひっそりとした長い廊下を歩いていたら泣きたくなった目立たなかった私となんて交わした言葉数えるほどアルファベットの名前順さえあなたはひどくはなれてたもしもできることならこの場所に同じ時間にずっとずっとうずくまっていたいもうすぐ別の道を歩き思い出してもくれないのたまに電車で目と目があってももう制服じゃない窓の近くのあなたの机ひとりほおづえついてみるふたをあけると紺のボタンが隅のほこりにまぎれてたもしもできることならこの場所に同じ時間にずっとずっとうずくまっていたいもうすぐ別の道を歩き思い出してもくれないのそよ風運ぶ過ぎたざわめき今は春休み　今は春休み　最後の春休み,,
https://www.uta-net.com/song/8135/,Sign of The Time,松任谷由実,松任谷由実,松任谷由実,"赤いブレーキランプ 横顔照らしたとき私たち心が ちがってるのがわかったなぜなの Baby うつろな影埋め立て地から 先は行き止まりだわラジオから流れる ヒット曲聴きながら私たち未来が ちがってるのがわかったおしえて Baby もう遅いのおこれないのは 答 知っているからもう一度 Hold me, Hold me しかたがないけどお願い Hold me, Hold me せめて今だけ恋は One way, one way, one way roadいくつもの標識 警告してた Sign of the Time私たち知らずに 走って来てしまったよどんだ空 匂う煙気づけば時は遠く過ぎ去っていたもう一度 Hold me, Hold me ひどく寒いからお願い Hold me, Hold me 悔やまないから恋は One way, one way, one way road目を刺すフラッシュライト 鳴りだすサイレン耳ふさいでも止められない Sign of the Timeもう一度 Hold me, Hold me きこえているならお願い Hold me, Hold me あの頃のように恋は One way, one way, one way roadもう一度 Hold me, Hold me しかたがないけどもう一度 Hold me, Hold me ひどく寒いからもう一度 Hold me, Hold me きこえているならもう一度 Hold me, Hold me しかたがないけどもう一度 Hold me, Hold me ひどく寒いからもう一度 Hold me, Hold me きこえているなら",：1994/11/2,：TOCT-860
https://www.uta-net.com/song/7953/,さざ波,松任谷由実,荒井由実,荒井由実,秋の光にきらめきながら指のすきまを逃げてくさざ波二人で行った演奏会が始まる前の弦の響きのよう月の形のボートの上で素敵な日々を想い出にしたいひざに開いた短編集も風がめくっていつの間にかエピローグ愛が終るのをたしかめずにひとりここへ来てよかったのオールも持たず漂いながらやさしい人に手紙を書きたい短いけれど楽しかったと強がりだけを岸の落葉にそえて霧が水面をゆっくり流れ帰る岸辺を覆いかくすようにもうしばらくは本当の愛を見つけられずに さまよってもいいの愛が終わるのを 繕ったら明日を生きるのに おくれたわオールも持たず漂いながらやさしい人に手紙を書きたい心も文字も少しゆれてるグレイの影と私だけの十月グレイの影と私だけの十月,：2000/04/2,：TOCT-107
https://www.uta-net.com/song/10750/,SATURDAY NIGHT ZOMBIES,松任谷由実,松任谷由実,松任谷由実,紅いマニキュア　滴るくちびるうなじ抱いて　Dance Dance Dance今が　Chance Chance Chance　かぶりついたらとろけるようにあなたも仲間よぬけられない　FANDANGO夜ごと　Touch-and-Go　疼いてさまよう留守番電話には　SATURDAY NIGHT墓場へ行って来ると残しおいでよパーティーへ死人も生きかえる　SATURDAY NIGHT永遠の命わけてあげるめくるめく　ZOMBIE'S NIGHT満員電車　汚れたワイシャツあれは夢よ　Dance Dance Dance今が　Romance Chance Chance本当のあなたよBMWの掃木で　SATURDAY NIGHT街の空飛び　ドアを蹴っておいでよパーティーへ狼 になっても　SATURDAY NIGHT驚く人は誰もいない盛り上がれ　ZOMBIE'S NIGHTSATURDAY NIGHT死人も生きかえる　SATURDAY NIGHT永遠の命わけてあげるめくるめく　ZOMBIE'S NIGHT留守番電話には　SATURDAY NIGHT墓場へ行って来ると残しおいでよパーティーへ死人も生きかえる　SATURDAY NIGHT永遠の命わけてあげるめくるめく　ZOMBIE'S NIGHT,：1999/02/2,：TOCT-106
https://www.uta-net.com/song/9982/,Sunny day Holiday,松任谷由実,Yumi Matsutoya,Yumi Matsutoya,Make me lonely　ひとりにしてきみがどんなに　大事だったかかみしめているMake me crazy　苦しませてぼくがどんなに　ばかだったかわかるためにきみと出会った冬の日がすごした夏の日が今でもぼくを照らしているきみはSunny day　ぼくのHoliday愛していさえすればきみはいつでも　そばにいると思っていたあのときのけんかのわけもあの涙の意味もわかろうとさえしなかったぼくは Moony boy　夢を見てる長いあいだ探していた　幸せ降る虹の街は激しい雨が過ぎたあとの　つかのまにあると知ったMake me lonely　もう少しだけきみもどんなに淋しかったか考えてるだってぼくの人生のサイドシートにはきみの笑顔を乗せたいからきみは Sunny day　ぼくの Holidayきみは Sunny day　ぼくの Holiday,：1997/12/0,：TOCT-100
https://www.uta-net.com/song/8151/,サファイアの9月の夕方,松任谷由実,松任谷由実,松任谷由実,サファイアの9月の夕方あなたの街を通過するわ さよならへ飛び立つジェット機サファイアの空に煌いて星屑にまぎれてゆきたい 新しい私を見つけに最後のわがままをきいて口にはしたくなかった想いのために崖に続く曲り道デートした公園まできっと来てみて二人 大好きだった曲を聴きながらハンドルにもたれるとサファイアのフロントグラスをゆっくりと横切ってゆくわさよならってずっとつぶやいてサファイアの空を翔けながらうるんだ街をあとにするわいつまでも見てると信じて夢がちがってくことがいつか責め合えなくなって淋しかったの天文台のベンチにコインで刻んだ昔 FOREVER の文字二人 真剣だった指でなぞってよ なつかしい傷あとをサファイアの9月の夕方あなたの胸に消えてゆくわさよならの合図のフライトサファイアの空を翔けながらにじみ出す街をあとにするいつまでも見てると信じて冴えわたる9月の夜景が大切な思い出になる日私達 おとなになるのねサファイアの空を翔けながらうるんだ街をあとにするわいつまでも見てると信じてサファイアの空に煌いて星屑にまぎれてゆきたい 新しい私を見つけに,,
https://www.uta-net.com/song/65819/,さまよいの果て波は寄せる,松任谷由実,松任谷由実,松任谷由実,泣いてかけてゆけばそこに　きらめく海原けれど受け入れはしなかった私の弱さを沖をすべってゆく船と　足もとで遊ぶ犬と風を切る鳥たちだけ　自由だった夢中になれる何かが　明日へいざないいつしか遠く旅したと　あなたに告げるいつも悩みをたずさえて　潮騒をきいたけれど答えは得られぬまま朝焼けは終る銀の雲間から差し込む光いくすじも見とれ冬の日の冷たさを忘れてた消えてゆかないくやしさが　私を導き気づけばここへ来ていたと笑っていえる言葉にない愛の　透き通る手紙を海はよせてくれる　波にのせてああ　失うものはもうなんにもなくて心静かな私がはじめて見える夢中になれる何かがどこまでも導きいつしか遠く旅したとこの海に立ち告げよう,：1999/02/2,：TOCT-106
https://www.uta-net.com/song/55897/,Summer Junction,松任谷由実,Yumi Matsutoya,Yumi Matsutoya,少しだけ眩しそうな瞳を雲が流れてた灼けてた顔もすっかりうすれて見えるね夢みたいだった絵日記　そろそろハイウェイの出口私は黙ってあなたのうでをとった明日は人ごみに戻って読みかえす余裕もない1ページにいるのね今のあなたと　今の私と　今のふたりが消えてゆくの気づかないまま家までの信号機　どこかで寄り道したいねなんてことない場所でいいから　あと少ししばらく会えなくなったって平気なくらい　フツーの別れ方しようよ何があってもいっしょにいると誓った気持ち口に出せず見送っていた今のあなたと　今の私と　今のふたりが消えてゆくの気づかないで見送っていた,：2001/06/0,：TOCT-246
https://www.uta-net.com/song/44990/,Summertime,松任谷由実,Yumi Matsutoya,Yumi Matsutoya,"風のない昼下がり 木洩れ日は容赦なくハンモックの中 揺れてる私を刺すように心焦がす網にかかった マーメイドはもうどこへもゆけないせめて夢だけ見させてやすらぎの国の物語でHey angel, don't you ever sleep?恋に縛られたらもがけばもがくほど からまってゆく糸に今はただ目を閉じて angelそこは行き止まり朦朧ときいている 天国の蝉時雨チェインソーみたい 私の魂切り刻む苦しいわHey angel, don't you ever sleep?恋に縛られたら日ごと夜ごと襲う哀しみにさいなまれ真珠の涙こぼす angelそこは行き止まり",：2004/11/1,：TOCT-256
https://www.uta-net.com/song/7956/,さみしさのゆくえ,松任谷由実,荒井由実,荒井由実,さいはての国でくらす あなた帰って来たのはおだやかな冬景色が なつかしかっただけなの?どこかで会おうと言って 急に電話くれたのも昔の仲間のゆくえ ききたかっただけなの?悪ぶるわたししか知らずあのとき 旅立って行ったお互い自分の淋しさを抱いてそれ以上は持てなかったのこんなわたしでもいいと 言ってくれたひとことを今も大切にしてる私を笑わないでしたいことをしてきたと 人は思っているけど心の翳は誰にも わかるものじゃないから悪ぶるわたししか知らずあなたはまたすぐ行くけど他人の淋しさなんて救えない夕陽に翼を見送る残った都会の光 見つめてたたずめばそのときわたしの中で 何かが本当に終わる悪ぶるわたししか知らずあなたはまたすぐ行くけど他人の淋しさなんて救えない夕陽に翼を見送る残った都会の光見つめてたたずめばそのときわたしの中で 何かが本当に終わる何かが本当に終わる,：2000/04/2,：TOCT-107
https://www.uta-net.com/song/13395/,さよならハリケーン,松任谷由実,松任谷由実,松任谷由実,泣き叫ぶ風の中を海辺まで乗せて行って横殴りの雨　顔にうけながらあなたと高潮を見たいの　すぐ話したいことがあるのいつからか覚悟してたこわさを知らないあの頃のように抱き上げて　フェンス越えさせてあなたはハリケーン　いとしいハリケーン私の胸を砕いていってひとことも口をきかず思い出を数えだすわいっそ思いきり肩をゆさぶって責めたらまた愛し合えるの私はハリケーン　激しいハリケーン何も残さずかけぬけて行くさよならハリケーン　私のハリケーンどこへ行こうとふり向かないであなたはハリケーン　いとしいハリケーン(どこへ行こうと)さよならハリケーン　私のハリケーン(ふり向かないで)あなたはハリケーン　いとしいハリケーン(どこへ行こうと)さよならハリケーン　私のハリケーン…,：1999/02/2,：TOCT-106
https://www.uta-net.com/song/13400/,SALAAM MOUSSON SALAAM AFRIQUE,松任谷由実,松任谷由実,松任谷由実,果てしなく　乾いた草原をひとときの暗黒が包み込めば幾億の太鼓が響きだし汚れたジープは方舟にかわるサラーム！　モンスーン　ブロンズの洗礼の雨を運んでくれるゼブラの群れは煙りにごる河は歌い私は裸足になり愛へかけてゆく遥かなる砂漠も越えてきたその風は海流の匂いをのせ手のひらに集める水しぶき忘れかけてた涙がよみがえるサラーム！　モンスーン　永遠にくりかえす罪を許してくれる天は大地にそそぎ大地は天に溶け私はうでをひろげ世界抱きしめるサラーム！　モンスーン　永遠にくりかえす罪を許してくれるゼブラの群れは煙りにごる河は歌い私は裸足になり愛へかけてゆく天は大地にそそぎ大地は天に溶け私はうでをひろげ世界抱きしめる,：1999/02/2,：TOCT-106
https://www.uta-net.com/song/51766/,サンド キャッスル,松任谷由実,Yumi Matsutoya,Yumi Matsutoya,"ひとりで出かけた砂浜でキャッスル作った午前中もうすぐ満ちて来る潮に崩れ去るのを待ってるさよなら　さよなら　長い恋陽差しが翳った遊歩道季節が戻ってまだ寒いナイロンのコートのすそがそよ風に泣いているわごめんね　ごめんね　つらい恋世界で一番　幸せと信じてたもういつだってゴールインねとからかわれてた砂のお城に住んでたプリンセスとプリンスねSomebody to kiss, Somebody to hug, Somebody to loveくるくる散ってたプラタナス気取って歩いた　うでをくみどこまでも続くみたいにアーチが流れていったさよなら　さよなら　長い恋いつか近くに寄せて来ていた波が心の中の足あとさえもさらってゆくの誰もがうらやむような二人になれなかったねSomebody to kiss, Somebody to hug, Somebody to love波のフレアー　白いレースの泡にこわさ知らずなきらめく日々が崩れてゆくわ砂のお城に住んでたプリンセスとプリンスねSomebody to kiss, Somebody to hug, Somebody to love誰もがうらやむような二人になれなかったねSomebody to kiss, Somebody to hug, Somebody to love",：1991/11/2,：TOCT-630
https://www.uta-net.com/song/2007/,サーフ天国、スキー天国,松任谷由実,松任谷由実,松任谷由実,ゲレンデのカフェテラスで　すべるあなたくぎづけ派手なターンでころんで　煙が舞い立つスタイルなんてどうでも　あなたらしけりゃ最高プロの選手もコーチも　出る幕がないよ自然は雪や太陽つれてレビューを見せに来る夕映え　樹氷を染めればしばらく地球は止まってるスウィングしてる粉雪　Highな気分にさせるよつれてゆこうかこれから　スキー天国へシャワー・ハウスで着がえて　くり出せ熱い波乗り焼きに来たのとビーチで　寝てるだけじゃだめ悩みごとはとりあえず　帰ってからの宿題につまる恋はこのさい　都会に置き去り自然は波や　雨雲つれてレビューを見せに来るチューブを透かして見る空しばらく地球は止まってる光るしぶきに抱かれて　Highな気分になろうよつれてゆこうかこれから　サーフ天国へつれてゆこうかこれから　スキー天国へ,：1999/02/2,：TOCT-106
https://www.uta-net.com/song/6039/,残暑,松任谷由実,松任谷由実,松任谷由実,日傘をさし　土手を歩く白い小さな　イリュージョン目を細めて　追いかけたの夏をひきとめたくてふとあなたの声が去年の恋が歌いながら　光りながら耳をかすめたペダルをこいで並んだならしばらくそばにいてやがて雲は　ちぎれながら空色を深め透きとおった心からの葉書が出せる気がするまだ　あなたの声に去年の恋に立ち止まって　涙ぐんで季節を知るのそんなこよみをありがとうといつしか伝えたいふとあなたの声が去年の恋が歌いながら　光りながら耳をかすめたペダルをこいで並んだならしばらくそばにいてあなたの声に去年の恋に　立ち止まって涙ぐんで季節を知るのそんなこよみをありがとうといつしか伝えたい,：1990/11/2,：TOCT-590
https://www.uta-net.com/song/12798/,幸せになるために,松任谷由実,松任谷由実,松任谷由実,話すことは　沢山ありすぎるけど黙って　そのなつかしい顔を見せてやっと忘れた　あなたを会わせるなんて月日は　なんて気まぐれなことするの眠れない夜の中を縮めようと走った距離明日になれば　あなたに会えるそう　ただそれだけのためにもっと素直に　もっとやさしくもっと強くなろうとしてきたそして二人はなんにもなかったようにもと来た　それぞれの道を戻ってく照らされた朝に染まり　あなただけの笑顔見せて明日になれば　あなたのことはもう　思い出さないでしょう私にとって　あなたにとってもっと幸せになるために明日になれば　あなたに会えるそう　ただそれだけのためにもっと素直に　もっとやさしくもっと強くなろうとしてきた,,
https://www.uta-net.com/song/7072/,幸せはあなたへの復讐,松任谷由実,松任谷由実,松任谷由実,昔のように気やすくされても私にはもう恋人がいるの I'm so sorryだから 手のひらだけをあずけて踊るのはこの曲が最後あなたのように身勝手じゃなくて仕事が出来るおとなの彼なの I'm so sorryだから 私やさしくなれたわ嫌いだわ あの頃の私いつか このぬくもりが誰のものでもいいと思うときが来るまで私 楽しく生きるの幸せはあなたへの復讐もっと 私綺麗になるから呼び捨てにできないくらいにいつか あの思い出がほかの記憶と同じ色になってゆくまで私 楽しく生きるの幸せはあなたへの復讐昔のように気やすくされても私にはもう恋人がいるの昔のように気やすくしないで解けた鎖の鍵を見せないで,：1999/02/2,：TOCT-106
https://www.uta-net.com/song/217719/,Sillage～シアージュ,松任谷由実,YUMING,YUMING,夏の　微笑みなぜ　すぐにまた　会えるのに何かが変わってしまったのね時の　残り香まだ　陽は高く耀いて傾く気配もないままに風に舞うバンダナを追いかけて海の底のような空吸い込まれる私たち滲んでゆく文字のように何も言わないで　手をつないでいて秋の　ささやき(shadow of your smile)見落とすことも出来たのに心が気づいてしまったからすれ違うジェット機のロザリオ深い意味はなかったの過去みたいにきこえたらふと言葉に乗せたときみんなつかめない　雲のように溶け海の底のような空吸い込まれる私たち滲んでゆく文字のように何も言わないで　手をつないでいて,：2016/11/0,：UPCH-204
https://www.uta-net.com/song/6427/,潮風にちぎれて,松任谷由実,荒井由実,荒井由実,泳ぐにはまだはやいよせ来る波 くるぶしまであなたの好きな このサンダルなぜはいてきたんだろう砂浜にうちよせた木ぎれひろい 沖へ投げたあなたと歩いた年月をけちらしてみたかったなぜ泣けないのかなひどく淋しいのに吹きすさぶ潮風にあなたは息を止めていたかわいい彼女のことこれから自由に愛しなさいよ国道に止まってる小さな車 指さしてうそでも わたしは背をむける恋人が待ってると今ふりむいたらなら心くじけるから吹きすさぶ潮風にわたしは まぶた閉じていたあなたと来なくたってわたしはもとから この海が好き,：2001/11/1,：TOCT-247
https://www.uta-net.com/song/8046/,静かなまぼろし,松任谷由実,YUMI MATSUTOYA,YUMI MATSUTOYA,通りのドアが開き　雑踏が迷い込むそのときまぼろしを見てる気がした小走りのシルエット　ガラスを押してあなたが店に入ってきたもしも微笑み　この席で向き合えば時は戻ってしまうの遠い日に全てをわかち合い　歩いた二人が今では柱越し別のテーブル誰かとメニュウを選ぶささやきふりむく勇気がなかった会わない日々を云いつくす言葉などもういらないの気づかずいて欲しい昔の恋をなつかしく思うのは今の自分が幸せだからこそもう　忘れて,：1999/02/2,：TOCT-106
https://www.uta-net.com/song/13402/,SHANGRILAをめざせ,松任谷由実,松任谷由実,松任谷由実,さあ　イマジネーションあなたは傷を負ったパイロット戦闘機は密林に砕け　赤く燃えた雪を抱く峰がゆく手にそびえ立つHelp me　Help me　Help me誰も来ない遠い　遠い　遠い　ひとつの声目をそらさずに　Watch me!腕をのばして　Catch me!!そこから抜けだして私といっしょにみつけよう伝説の国　Shangrilaさあ　Lost Horizonあなたは奇蹟おこすサバイバー名も知らぬ星の輝き　今はわかる絶望は宇宙に選ばれたしるしよはやく　はやく　はやく　目を覚ましてすぐに　すぐに　すぐに　歩きだして大気の中に　Find me!ついておいで　Behind me!命つきる前に私といっしょにみつけよう伝説の国　Shangrila目をそらさずに　Watch me!腕をのばして　Catch me!!そこから抜けだして私といっしょにみつけよう心の中のユートピア大気の中に　Find me!ついておいで　Behind me!命つきる前に私といっしょにみつけよう伝説の国　Shangrila目をそらさずに　Watch me!腕をのばして　Catch me!そこから抜けだして私といっしょにみつけよう…,：1999/02/2,：TOCT-106
https://www.uta-net.com/song/155312/,シャンソン,松任谷由実,松任谷由実,松任谷由実,限りある日々を生きてること　分かち合おう静かなくちづけで時のひとひらが散りゆくのを　いとおしむように掌で包んで仄かに蒼い暗闇の中凍える胸に　灯した炎苦しみさえも美しく　眩く照らすこの愛をあなたと生きる瞬間を　覚えてる　覚えてる夏の盛りには知らなかった　雨の調べ無限の影の色ひとつひとつに名前をつけてあなたに贈る　かすれゆくシャンソン苦しみさえも美しく　やがて藻くずに還るともあなたと逢えた歓びを　忘れない　忘れない苦しみさえも美しく　眩く照らすこの愛をあなたと生きる瞬間を　覚えてる　覚えてる悲しみさえも懐かしく　やがて藻くずに還るともあなたと逢えた歓びを　忘れない 忘れない,：2013/11/2,：TYCT-601
https://www.uta-net.com/song/24379/,SUGAR TOWNはさよならの町,松任谷由実,松任谷由実,松任谷由実,そんな気がしてた　目覚めた瞬間町を埋めつくす大雪　カーテンひけばバスもレールウェイも今日は止まってるでも二人は出てゆくのよ　それぞれのドアねえ　チェーンを手伝わせてまだ　荷物を積み込む前に少し吹雪いてるね　Sugar Townサテンのシーツをなびかせ泣き顔になったのは　Sugar Town白くまぶしすぎたせいよ昨夜できたての砂糖菓子の道タイヤの跡だけあなたについてゆくわ遠去かってゆくリアウィンドウめがけ何度もぶつけた思い出　雪で固めてねえ　電話をかけてもいい？あと　一度だけ着いたかどうか少し吹雪いてるね　Sugar Town世界中の音を消して見送っていたいの　Sugar Townどこまでも続く雪景色もっとダンスしてよ　Sugar Town空も見えなくなるくらいいつかまた会えるね　Sugar Town今まででいちばん綺麗少し吹雪いてるね　Sugar Town…,：1999/02/2,：TOCT-106
https://www.uta-net.com/song/37974/,消息,松任谷由実,松任谷由実,松任谷由実,向い側 ホームの端にあのひとが立っていた雨降りの線路を隔てみずいろのセーターがうるんで呼べずに呼べずに 風が来て私の背中を発車の笛が押した知るひとは燃えつきたと思うでしょう今はもう連絡もとることなく行きつけの店もなく…それでも愛して愛していることをガラスにもたれた瞳を読みとってそのとき苦しみが 消えてゆくのを見た呼べずに呼べずに 時は去き電車はカーヴで煙った点になる愛して愛しているうちに私はあなたのグレイの汚染になる呼べずに呼べずに 時は去き電車はカーヴで煙った点になる愛して愛しているうちにあなたは私のグレイの汚染になる呼べずに呼べずに 時は去き電車はカーヴで煙った点になる愛して愛しているうちに私はあなたのグレイの汚染になる,：1999/02/2,：TOCT-106
https://www.uta-net.com/song/65820/,消灯飛行,松任谷由実,Yumi Matsutoya,Yumi Matsutoya,見知らぬ国の　ビザを持ち夜に消えてゆこう見送りはここまででいい風が強いからガラスのむこう　あのひとはくちびる動かしパントマイムで　離れてく人に流されて忘れ得ぬこと　忘れるために努力はいるのね二度と結べない糸ならたぐりはしないわ海岸線をふちどって都会は輝くあのひと乗せたTAXIは今どこを走るもうしばらくは　追いかけさせてこの胸の中で夜の雲を見下ろすまでライトがつくまでテイル・ランプをあのひとが星と思うまで,：1989/06/2,：XT10-237
https://www.uta-net.com/song/65821/,白い朝まで,松任谷由実,松任谷由実,松任谷由実,都会の公園、夜の噴水若い日　傘の中で雨を見ていた何を求めていたのでしょう今は遠くてわからないここは昔の谷間のようで淋しさに似合うこんなに脆くなったのを今は誰にも話せない小雨の朝は闇をうすめて忍びやかに来る白い影,,
https://www.uta-net.com/song/13394/,白い服、白い靴,松任谷由実,松任谷由実,松任谷由実,地下鉄で肩をたたかれたすっかり見違えてしまったあなた元気です 次は乗り替えね先に降りるのがつまらなかった今はもう大切な人がいるのと云えなかったの楽しかったの来週会うこと約束したの あなたと Ｈu hu hu huさあ 明日は何を着てゆこうゆうべ何度も鏡に向った白い服 白いロウヒール結構 似合うと思って決めた目覚めて外を見たらひどい雨降り何も云えずに服をたたんだ予定ができたと電話を切った 雨降り雨降り Ｈu hu hu hu,：1999/02/2,：TOCT-106
https://www.uta-net.com/song/2635/,真珠のピアス,松任谷由実,松任谷由実,松任谷由実,Broken heart　最後の夜明け彼のベッドの下に片方捨てたAh…真珠のピアス肩にアゴをのせて耳元でささやくわ私はずっと変わらない背中にまわす指の力とはうらはらなあなたの表情が見たいもうすぐかわいいあの女(ひと)と引越しするとき気づくでしょうBroken heart　最後のジェラシーそっとベッドの下に片方捨てたAh…真珠のピアス古ぼけた広告でヒコーキを折ってみる高台の部屋の案内いつか住もうと云って微笑んだあの夢へせめてヒラリと飛んでゆけどこかで半分失くしたら役には立たないものがあるBroken heart　それはあのとき蒼い心の海にひとつぶ投げたAh…真珠のピアスBroken heart　最後の夜明けBroken haert　最後のジェラシーBroken heart　最後の夜明けBroken haert　最後のジェラシー,：1999/02/2,：TOCT-106
https://www.uta-net.com/song/2662/,シンデレラ・エクスプレス,松任谷由実,松任谷由実,松任谷由実,ガラスに浮かんだ街の灯に溶けてついてゆきたいため息ついてドアが閉まる何も云わなくていい　力を下さい距離に負けぬようシンデレラ　今　魔法が消えるように列車出てくけどガラスの靴　片方　彼が持っているのあなたの街を濡らす雨はもうじきここまで来る私は傘をささず帰る笑顔だけ抱きしめて出逢えたことをとても感謝してシンデレラ　今　魔法が消えるように列車出てくけどガラスの靴　片方　彼が持っているの意地悪なこのテストを私はきっとパスしてみせる同じ時間生きるのどんな遠くなっても,：1999/02/2,：TOCT-106
https://www.uta-net.com/song/59404/,シーズンオフの心には,松任谷由実,Yumi Matsutoya,Yumi Matsutoya,心はシーズンオフよ　夕陽はみじかく静かな駅の伝言板はきれいに消されていたあなたはきのうせめてひとこと残したでしょういっしょには帰れなかった　ぼくには待つ人がいるって　わかってたのよ哀しい恋をうらんでいたシャッター降りた、店のかどからあなたが出て来そう日よけと椅子とにぎわう通り夢のあといつまでも　ばかな娘ではしゃいでいたかったさよなら　避暑地の灯り私も次の列車に乗る心はシーズンオフよ　愛した時はゆく,：1999/02/2,：TOCT-106
https://www.uta-net.com/song/13408/,ジェラシーと云う名の悪夢,松任谷由実,松任谷由実,松任谷由実,真夜中のビデオ　追いつめられて叫ぶヒロイン灯り消した部屋でひざを抱える私も同じＮon-stop　Ｄream　つれ出してここから燃えるジェラシーの罠からああ　これも映画なら悪夢はやがて終わるのにＣan't　stop　playin'　it巻き戻す何度も　彼を信じてた場面へ彼女は弾たれて　サイレンの中運び出される離れてゆくことが正しいのなら　なぜ出会ったのＮon-stop　Ｄream　ふり向いちゃいけないつらい思い出はいらないああ　これも映画なら悪夢はやがて消えるから忘れてしまえば　ただの幻なのだから恐れずに続けてＣan't　stop　playin'　it早送り何度も　明日へ走り出す場面へああ　これが本当なら次のシナリオを教えてよＮon-stop　Ｄream　つれ出してここから燃えるジェラシーの罠から,：1999/02/2,：TOCT-106
https://www.uta-net.com/song/42235/,時空のダンス,松任谷由実,Yumi Matsutoya,Yumi Matsutoya,伝説の波がやって来るときまぼろしの虹が現れるという今…あなたの瞳にうかぶのを私は待ち焦がれていたもう 恐れさえ味方にして向かってゆくよそこまで夢に見た雲がうず巻いている陸からの風を背中にうけて 速く遥かなる時を超えて やっと巡り会えた恋人よあなたのために 生まれて来たの漕ぎ出した肩先には 見る見る立ち上がる水の壁昇りきったら 愛し合おうまぶしさに 閉じた瞼の裏に永遠の虹が灼きつけられる 強くあなたに身をまかせたなら さあ 時空のダンスを踊ろうモーゼのように 海を分けて伝説の波がやって来るときまぼろしの虹が現れるという今…あなたの瞳にうかぶのを私は待ち焦がれていたもう命さえ追い越して向ってゆくよそこまで夢に見た雲がうず巻いている明日からの風を背中にうけて 速く,：2006/05/2,：TOCT-259
https://www.uta-net.com/song/40116/,ジャコビニ彗星の日,松任谷由実,松任谷由実,松任谷由実,夜のFMからニュースを流しながら部屋の灯り消して窓辺に椅子を運ぶ小さなオペラグラスじっとのぞいたけど月をすべる雲と柿の木ゆれてただけ72年 10月9日あなたの電話が少いことに慣れてく私はひとりぼんやり待った遠くよこぎる流星群それはただどうでもいいことだったのに空に近い場所へでかけてゆきたかったいつか手をひかれて川原で見た花火夢はつかの間だと自分に言いきかせてシベリアからも見えなかったよとよく朝弟が新聞ひろげつぶやく淋しくなればまた来るかしら光る尾をひく流星群,：1999/02/2,：TOCT-106
https://www.uta-net.com/song/2489/,11月のエイプリルフール,松任谷由実,松任谷由実,松任谷由実,歩道橋の下をランプの河が流れてた信号で止まると みんな赤くなったもう会うのはやめにしようと彼が言ったとき笑ってうなずいた 11月のエイプリルフールほほをつねっても痛くは感じないくらい冷たい夜風がジャンバーの肩を抜けて行ったhum hum このまま 二度と 本当？hum hum hum もう一度言ってもう会うのはやめにしようと彼がくりかえし打ち消すジョークを待ってた私 Don't be cool!最終のバスがゆくのをぼんやりみてたらなつかしい冬が今年もきてるのがわかったhum hum これっきり ずっと 本当？hum hum hum からかわないで歩道橋の端でふりむく彼に手を振ったひきかえして抱きしめる気がした エイプリルフールこんなのうそよ こんなのうそよ半月がビルの真横にポツリと浮かんでた銀杏の落ち葉が小さな渦を巻いた歩道橋の下をランプの河が流れてた信号で止まると みんな赤くなったもう会うのはやめにしようと彼が言ったとき笑ってうなずいた 11月のエイプリルフール歩道橋の下をランプの河が流れてた信号で止まると みんな赤くなったもう会うのはやめにしようと彼が言ったとき笑ってうなずいた 11月のエイプリルフール,,
https://www.uta-net.com/song/39769/,12階のこいびと,松任谷由実,YUMI MATSUTOYA,YUMI MATSUTOYA,Mon amour夜の波を泳ぎつかれた魚のようにそっと横たわれば　汽車の響きがきこえるわBon soir眠い街はぼんやり光る海の底なのここは12階　通りを見下ろす軽い寝息が　ひとりぼっちにさせるこんど逢う日を決めもしないうちにJe t'aimeraiゆるくしめた　蛇口の水の滴のようにいつも不安だけが　重たくなってはこぼれるMon amourうでをはずし　涙くすぐる耳をこすると背中見てるけはい　けれど気のせい軽い寝息が　ひとりぼっちにさせるこんど逢う日を決めもしないうちにMon amourもしあなたが目の前から消えてしまったらここは12階　窓を開けて舗道をめがけ紙のように舞うわ,：1999/02/2,：TOCT-106
https://www.uta-net.com/song/2508/,12月の雨,松任谷由実,荒井由実,荒井由実,雨音に気づいて　遅く起きた朝はまだベッドの中で　半分眠りたいストーブをつけたら　くもったガラス窓手のひらでこすると　ぼんやり冬景色今にもあなたが　白い息をはき通りをわたって　この部屋に来る気がして時はいつの日にも　親切な友達過ぎてゆくきのうを　物語にかえるもうすぐ来るクリスマス想い出の日にはまた会おうと云ったもう会えないくせに今でもうしろを　ふとふり返ればあなたが笑って　たってるような気がして時はいつの日にも　親切な友達過ぎてゆくきのうを　物語にかえる時はいつの日にも　親切な友達時はいつの日にも　親切な友達,：2000/04/2,：TOCT-107
https://www.uta-net.com/song/2515/,14番目の月,松任谷由実,荒井由実,荒井由実,あなたの気持が読みきれないもどかしさだから ときめくの愛の告白をしたら最後 そのとたん終わりが 見えるum…IWANUGA HANAその先は言わないでつぎの夜から 欠ける満月より14番目の月が いちばん好き気軽なジョークが とぎれないようにしてね沈黙がこわい月影の道で 急に車止めないでドキドキするわum…YANAGI NI KAZEなにげなく かわすけどつぎの夜から 欠ける満月より14番目の月が いちばん好きつぎの夜から 欠ける満月より14番目の月が いちばん好き,：2000/04/2,：TOCT-107
https://www.uta-net.com/song/11457/,JULY,松任谷由実,松任谷由実,松任谷由実,SILENCE つややかな絹糸を降らせて或る朝早く 公園を包む重い瞼 をあけるように水蓮が音をたててたJuly to be awaking蜘蛛の巣のビーズ刺繍に数えきれず映っていたJuly to be shining愛はあのひとがくれたの愛はただ私の中にあったの夏の FantasySILENCE 影の無い夢のような小径に今 思い出が煙ってるそれは古いフィルムを止めるように風がひととき凪いていたJuly to be quiet杏 の木を揺らしながら鳥たちがついばんでいったJuly to be free哀しみはどこから来るの喜びはどこへ流れてゆくの誰もわからない愛はあのひとがくれたの愛はただ私の中にあったの誰もわからない厚いページを開くように雲間から光差してたJuly to be awaking水面に停まる妖精が数えきれぬ輪になってたJuly to be shiningこの世界でひとりだけのこの生命で一度きりの私誰かおしえてよ愛はあのひとがくれたの愛はただ私の中にあったの夏の Fantasy,,
https://www.uta-net.com/song/78358/,Judas Kiss,松任谷由実,松任谷由実,松任谷由実,照りつける太陽が　こめかみを撃つようなかわいた町で不確かな横顔と　孤独な蜃気楼に恋した私傷つくはずなんてないと　交わしたディールだったみんな幻と気づかず　ハートのダイヤ盗みとられたあなたは砂漠のオアシス　ひび割れた魂　潤すけれども偽りのナルシス　自分のことしか愛せない脱ぎ捨てたハイヒールは　抜け殻のスコーピオン痛みの果て耐えられない疲れと　薄れてゆく意識に瞼を閉じるすぐに消えてしまいそうな　ガラスと炎の上を逃げるように追いかけてた　あなたが待っていると信じてたどり着く記憶のオアシス　やりばの無い情熱を浸す今でも狂おしい　Judas Kiss　愛さえも鏡に映すのJudas Kiss‥‥あなたは砂漠のオアシス　ひび割れた魂　潤すけれども偽りのナルシス　自分のことしか愛せない,：2009/04/0,：TOCT-268
https://www.uta-net.com/song/11098/,自由への翼,松任谷由実,松任谷由実,松任谷由実,ハイウェイを 東へとばせばまだまにあう朝焼けのエアポート金色に波打つ平野を今 私は ひと言を胸にDon't say good byeすれちがった二人の日々にDon't say good byeきっと私 信じてるからみつけて おいでよ期限の無い約束でもつかんで おいでよありのままに生きることを背のびして走るターミナル点滅する 最終案内見送りは来ないでと云ったでも あなたは心で待ってるDon't say good bye大人のふりひとりしないでDon't say good byeちがう明日をこわがらないでみつけて おいでよはじけそうなあの日の夢かなえて おいでよそしていつか 連れて行ってDon't say good byeふりかえったあなたに届くDon't say good byeつくり笑顔急にゆがんだみつけて おいでよ自由でいる二人のため戻って おいでよ　強い翼 手に入れたらみつけて おいでよ期限の無い約束でもつかんで おいでよありのままに生きることをみつけて おいでよ　はじけそうなあの日の夢,,
https://www.uta-net.com/song/2561/,情熱に届かない ～Don't Let Me Go～,松任谷由実,松任谷由実,松任谷由実,"快速電車を見送った　川近い駅の夕焼けにきみがいた夏の匂いが 吹いて来る細めた瞼くすぐるように遠くの道路の橋桁が最後に眩しく溶けていた時を追い越して　はしゃいだ私達　みんな　みんなきかせてよ　あのときのうたあなたの声で　もう一度だけガードが轟きちぎれ飛ぶDon't let me, don't let me go忘れたくない　あの時の夢今は情熱に届かないきっとそれぞれに思ってた何を目的に生きてくの口には出来ない不安を抱きしめて　ずっと　ずっと描いてよ　あのときの空あなたの腕に　もう一度だけ白いキャンバスが燃えるほどI want to, I want to know失くしきれない　あのときの夢いつか情熱に届きたいきみがいた夏の匂いが吹いて来る　そっと　そっときかせてよ　あのときのうたあなたの声で　もっと激しく夕陽の彼方にちぎれ飛ぶDon't let me, don't let me go忘れたくない　あの時の夢今は情熱に届かないあのときのうたあなたの声で　もう一度だけガードが轟きちぎれ飛ぶ",：1991/11/2,：TOCT-630
https://www.uta-net.com/song/30492/,Josephine,松任谷由実,松任谷由実,松任谷由実,Josephine いとしい Josephine on my mind去りゆくあなたの横顔を今もまだ 思い出す遠い日々の 光の中Josephine 遥かな Josephine on my mind最後に聞こえたひとことが今もまだ わからずに暮らしている Josephine on my mind夏がゆき 秋が過ぎて 冬枯れても消えぬ想いは枝に実を つけたままJosephine もう一度 Josephine on my mind凍えるこの手をあたためて吹雪舞う心にも 灯る明りJosephine on my mind忘れられぬJosephine on my mind,：1999/11/1,：TOCT-243
https://www.uta-net.com/song/24375/,XYZING XYZING,松任谷由実,松任谷由実,松任谷由実,Woo XYZING疼いて眠れない夜をあなたの他には　癒せはしないから誰かといるのは　わかっているけどいつものクラブを探すよ傷つきに出かける　狼のように勝手に追いかけて　勝手に喘いでるあなたの気持は　もう冷めているのにOh No　思えば我が侭な私あなたがあのとき　本気なの知っていたWoo BABY　楽しい思い出の鎖繋がれ泣いてるプリズナー満月に吠えてる　狼よ私勝手に倒されて　勝手に憎んでるここから逃げても　荒野が続くだけ死に場所を求める　狼のようにWoo XYZING　哀しくてWoo XYZING　帰れないあなたの気持は　もう冷めているのにWoo XYZING　哀しくてWoo XYZING　帰れないここから逃げても　荒野が続くだけ,,
https://www.uta-net.com/song/54643/,人生ほど素敵なショーはない,松任谷由実,Yumi Matsutoya,Yumi Matsutoya,口から出そうな　心臓の音ふるえる指先　ふるえる足もとこれから始まる音に乗って幕が開けば　戻れない舞台の上眩しいライトの中をあなたは踊り続ける　wow wow薄暗く狭い　今日までの迷路偶然選んで　歩いてただけチャンスがなかったわけじゃないその気ならいつだってとべたはず誰もがくぎづけになるあなたのそのエナジーに　wow wow人生ほど素敵なショーはないそんな言葉　ばかにしてたどうせ何も起こりはしないと斜にかまえて　生きて来たけれど勇気がひとさじあれば一歩前にふみ出せば　wow wow人生捨てたもんじゃない何が起こるかわからない　wow wow眩しいライトの中をあなたは踊り続ける　wow wow誰もがくぎづけになるあなたのそのエナジーに　wow wow,：1997/12/0,：TOCT-100
https://www.uta-net.com/song/44978/,水槽のJellyfish,松任谷由実,Yumi Matsutoya,Yumi Matsutoya,"水槽のJellyfish 囚われの心感覚も無くし ひとりぼっち漂ってるあなたのいない世界はどこにいても同じこといつまで続くのか知らないHow are you? Everyday, I miss you今も好きと言って 光る闇の中から抔って水葬のJellyfish 涙の温度で思い出の海へ ひとりぼっち溶けてゆくのあなたと見てた夢は私だけのまぼろしどれほど信じたかしれないHow are you? Everyday, I miss you今も好きと言って やがて私が消えてしまうまでHow are you? Everyday, I miss youでももう愛さないで あなたの顔さえも見えない雨つたうガラス窓 青いキャンドル浮かべ私はベッドで泣いているHow are you? Everyday, I miss you今も好きと言って 光る闇の中から救ってよHow are you? Everyday, I miss youでももう愛さないで あなたの顔さえも見えないHow are you? Everyday, I miss you今も好きと言って やがて私が消えてしまうまでHow are you? Everyday, I miss youでももうきこえないの 私はただゆれるJellyfish",：2004/11/1,：TOCT-256
https://www.uta-net.com/song/7950/,水平線にグレナディン,松任谷由実,松任谷由実,松任谷由実,白い灯台が浮かびあがる海は暮れなずみ 帆影は急ぐ舵をとりながらふりむいたら私もたなびく景色でしょうかGlowing seasons flew awayWe promise to stay帰らないと知っても細いプラチナのブレスレットが夏の紅を最後に宿しNow I feel the cold breezeYou made me feel at ease帰らないと知っても錆びたスクリューにさわってみる今日は初雪が沖を吹いてる古い溜り水 船底からズックですくった 凍らぬように,：1999/02/2,：TOCT-106
https://www.uta-net.com/song/30485/,Sweet Surrender,松任谷由実,松任谷由実,松任谷由実,予告電話の前に 列車は出てしまった破滅に向う恋に 私は飛び乗ってたノーテンキなあなたが 仕掛けた爆弾にもう逃げ場を失した ハートを引き渡すBaby Baby sweet surrenderあなたの読みどおり張りめぐらされた あやしい毒にBaby Baby sweet suspender痺れてるうちに虜になるの foreverまるでアリスのように うさぎを追いかけてる迷路みたいな恋に 私は入り込んだ正反対教える 双子のトランプがもうどこへも行けない ハートをひきさくのBaby Baby sweet pretenderだまし続けてよ目隠しとっても 覚めない夢でBaby Baby sweet revenger気づかないうちに虜になるの forever流れてゆくの 恋してゆくの そしてあなたもBaby Baby sweet surrenderあなたの読みどおり張りめぐらされた あやしい毒にBaby Baby sweet suspender痺れてるうちに虜になるの foreverBaby Baby sweet pretenderだまし続けてよ目隠しとっても 覚めない夢でBaby Baby sweet revenger気づかないうちに虜になるの foreverBaby Baby sweet surrenderあなたの読みどおり張りめぐらされた あやしい毒にBaby Baby sweet suspender痺れてるうちに虜になるの foreverBaby Baby sweet pretenderだまし続けてよ目隠しとっても 覚めない夢でBaby Baby sweet revenger気づかないうちに,：1999/11/1,：TOCT-243
https://www.uta-net.com/song/2683/,SWEET DREAMS,松任谷由実,松任谷由実,松任谷由実,この電話が最後かもしれない他人事に思える　涙だけ溢れてもう切るわと何度も云いながらひきのばすのは私の方　Wow wow wow wowSweet Heart写真立てにはおどける二人今日を知らずにキスしてるSweet Days何に負けたのわからないことがくやしいだけあなたの夢　叶うころ横にはどんなひとが微笑む　私ではないのね明日が何も見えないと云うけど思うより素敵よあなたは　Wow wow wow wowSweet Heartできればひどい捨てぜりふ投げて嫌われてから消えたいのSweet Dreams私といると廻り道だからかまわないでSweet Heart写真立てにはおどける二人今日を知らずにキスしてるSweet Days何に負けたのわからないことがくやしいだけ,：1999/02/2,：TOCT-106
https://www.uta-net.com/song/5809/,少しだけ片想い,松任谷由実,荒井由実,荒井由実,走り去る車に 小さく投げキッス家まで送ったら それでサヨナラこんなこといつまでくり返すのかしらわたしは待ってるの やさしいプロポーズいつだって I Love You　More than YouYou Love Me　少しだけ片想いMore Than You真夜中の電話は 世間ばなしばかりそれさえ12時まで シンデレラ・リバティーのんびりとかまえて あなたは知らないの恋する気持には 羽根がはえてるいつだって I Love You　More than YouYou Love Me　少しだけ片想いMore Than Youほかの娘のはなしを 平気でするあなたわたしのやきもちを 楽しんでるのプーメランみたいに 遠くへ飛ばしてもわたしがかえるって 思ってるのねいつだって I Love You　More than YouYou Love Me　少しだけ片想いMore Than Youいつだって I Love You　More than YouYou Love Me　少しだけ片想いMore Than Youいつだって I Love You　More than YouYou Love Me　少しだけ片想いMore Than You,：2000/04/2,：TOCT-107
https://www.uta-net.com/song/7802/,砂の惑星,松任谷由実,松任谷由実,松任谷由実,月の砂漠をゆく 遠い異国のキャラバンのようにこの世の果てまでも あなたについて歩いてゆくわさあ 漂いなさい 私の海の波の 間にへただ 泣きじゃくるように 生まれたままの子供のように恋の雫 ゆれる炎 深い吐息 花の香り一度きりの愛の魔法今二人 授け合うの 求め合うのああ 誰も知らない 瞳の奥の碧いオアシスなぜ あなたと出逢い 流れ流れてどこまでゆくのさあ 安らぎなさい お伽ばなしの夢の間にへまだ 願い忘れた 長い呪文を囁きましょうああ ふるさと離れ ここは遥かな砂の惑星時がこぼれ落ちて 素足の跡をかき消すデューン金の砂はあなたの未来 星屑まで続いている銀の砂は私の涙吸い込まれ 抱き合うの 癒し合うの月の砂漠浸す 二つの影が寄りそうようにこの世の果てまでも あなたをとても愛しているわさあ 漂いなさい 私は海の波の 間にへただ 泣きじゃくるように 生まれたままの子供のようにさあ 安らぎなさい お伽ばなしの夢の間にへまだ 願い忘れた 長い呪文を囁きましょうさあ 漂いなさい 私の海の波の 間にへただ 泣きじゃくるように 生まれたままの子供のようにさあ 安らぎなさい お伽ばなしの夢の　間に間に…,：1994/11/2,：TOCT-860
https://www.uta-net.com/song/40286/,Spinning Wheel,松任谷由実,Yumi Matsutoya,Yumi Matsutoya,太陽はくりかえし昇っては沈んでもきみのため生きている ぼくがいるひとりぼっちの国で 泣いているきみはすぐそこまで来ている 明日を知らないもしもね 世界が逆さに回っても明日はやって来る変わらずにくりかえす哀しみは思い出によろこびは知らぬまに消えるけれどきみのため生きている ぼくがいる小さすぎる両手で抱えた荷物は大切なものなんて ないかもしれないけれどね 答えはそれぞれの心きみにしか見えない星空はくりかえし 苦しみは優しさになぐさめは限りない きみへの愛いつの日も想ってる ぼくがいる(変わらずに)くりかえす哀しみは思い出によろこびは知らぬまに消えるけれどきみのため生きている ぼくがいる,,
https://www.uta-net.com/song/42236/,Smile again(Yuming Version),松任谷由実,Yumi Matsutoya,Yumi Matsutoya,"泣きながら別れたあの日すぐまた会えるよと云ってゲートから手をふったあなたはもう知っていたの最後とI wanna see your smile, again もう一度あなたの顔を見たい今でもこんなに世界は近いのにちがう運命を生きてゆくガラス越しに ふりむいたあなたの目は何を云おうとしてたのI wanna see your smile, again もう一度笑いかけてよ いつかみたいに友達でいることすらかなわないと知っていたの 本当はI wanna see your smile, again もう一度あなたの顔を見たい 今でもI'm gonna find that smile, again もう一度あなたを愛している 今でも",：2006/05/2,：TOCT-259
https://www.uta-net.com/song/217714/,Smile for me,松任谷由実,YUMING,YUMING,わらって、　わらって、　しばらく　じっとして自然に撮るから　ふざけないで　こっち向いて光がキレイよ　天使が写るよあなたに見えない　私からだけしか今まで　誰にも　見せない表情それは　レンズのこちら側　私がいるからねうたって、　うたって、　あなたの好きなうた自然にこぼれる　思い出をきかせて涙を誤魔化し　小さく咳したそれは　いっしょに口ずさむ　私がいるからねWoo Smile for me.Woo Smile for me. Ha…ときには焦って　ピントがブレてもあなたは　私の永遠わらって、　わらって、　しばらく　じっとしてあなたは知らない　どれくらい素敵か今まで　たくさんしてきた　やさしさいつも　私の心には　あなたがいるからねWoo Smile for me.Woo Smile for me.Woo Smile for me.Woo Smile for me.,：2016/11/0,：UPCH-204
https://www.uta-net.com/song/8815/,スラバヤ通りの妹へ,松任谷由実,松任谷由実,松任谷由実,妹みたいね15のあなた髪を束ね 前を歩いてくかごの鳩や不思議な果物に埋もれそうな朝の市場やせた年寄りは責めるように私と日本に目をそむけるでも “RASA…(RASA…)RASA SAYANG GEH”そのつぎを教えてよ少しの英語だけがあなたとの架け橋なら淋しいからRASA SAYANG GEH妹みたいね小さなあなたけれどとてもしっかりしている写真で見た波止場に着くころはあなたくらい陽に焼けそうオランダ造りの町もやがて新しいビルに消されてゆくでも “RASA…(RASA…)RASA SAYANG GEH”その歌が大好きよ土埃り　馬車がゆくスラバヤを思い出せる 遠くてもRASA SAYANG GEHRASA SAYANG(RASA…)RASA SAYANG GEHそのつぎを教えてよ少しの英語だけがあなたとの架け橋なら淋しいからRASA SAYANG GEH(RASA…)RASA SAYANG GEHその歌が大好きよ(RASA SAYANGSAYANG GEH)RASA SAYANG RASA SAYANG GEHラララ…RASA SAYANG(RASA…)RASA SAYANG GEH(RASA SAYANG SAYANG GEH)RASA SAYANG RASA SAYANG GEH,：1999/02/2,：TOCT-106
https://www.uta-net.com/song/57814/,3-Dのクリスマスカード,松任谷由実,松任谷由実,松任谷由実,もしも雪の国が私のふるさとだったらいいな どうしてもそして丘の上のレンガ造りの家ならばいいな煙突が高ければいいなどこからでもわかる屋根に上って遠くを見わたせば空がシュガーをふるいにかけているイヴの夜までに間にあうようにChristmas Cakeもしも雪の国にあなたと帰ってゆけたらいいな 二人してそしてドアを開けて両親に会ってくれたらいいなほほえんでテーブルについてプレゼントをほどく汽車は凍った小川を横切って広い銀色野原を急いでるまるで立体のChristmas cardそれはあなたからもらったはじめての不思議なカードの向こうの雪景色屋根に上って遠くを見わたせば空がシュガーをふるいにかけている汽車は凍った小川を横切って広い銀色野原を急いでる,：1999/02/2,：TOCT-106
https://www.uta-net.com/song/13414/,ずっとそばに,松任谷由実,YUMI MATSUTOYA,YUMI MATSUTOYA,ゆれる海に潜るような何もきこえない　ひとりぼっちのとききみはハンター　もがきながら宝物みつけ　きっと戻って来るかわってあげられぬ痛みが哀しいわどんなに思っていてもたなびく夕映えの雲　私に涙あふれさせてくれたかわりにそっと呼んで　つらいならば時を　かけて行くわ人は勝手ね　淋しいからよきみらしいフォームでゆっくりと泳いで疑うこともなく知り合う人々を“ともだち”と呼べた日々へふりそそぐ8月の雨　私をはだしで笑わせてくれたかわりにそっと呼んで　胸の奥でずっと　そばにいるわ今日も　明日も　ずっと,：1999/02/2,：TOCT-106
https://www.uta-net.com/song/2786/,青春のリグレット,松任谷由実,松任谷由実,松任谷由実,笑って話せるねそのうちにって握手した彼のシャツの色がまぎれた人混みバスは煙り残し小さく咳きこんだら目の前が滲んだ黄昏あなたが本気で見た夢をはぐらかしたのが苦しいの私を許さないで　憎んでも覚えてて今では痛みだけが真心のシルエットほんの三月(みつき)前は指からめた交差点今も横を歩く気がする夏のバカンスを胸に秘め普通に結婚してゆくの私を許さないで　憎んでも覚えてて今でもあなただけが　青春のリグレット私を許さないで　憎んでも覚えてて今では痛みだけが真心のシルエット笑って話せるのそれはなんて哀しいだってせいいっぱい愛した　あなたを愛した,：1999/02/2,：TOCT-106
https://www.uta-net.com/song/24374/,SAVE OUR SHIP,松任谷由実,松任谷由実,松任谷由実,いつからか沈黙に慣れていた二人いく度も波にさらわれて壊れかかった羅針盤　見ている悲しんでいるのなら　もう一度求めてOh SAVE OUR SHIP永遠に漂流する魂だからせめて今は強く抱いて見えぬ未来を乗り越えるSAVE OUR SHIPそれぞれの光めざし遠い日にそよ風をはらんだセイルは破れた約束のように暗礁で音をたててる　かすかに冴えわたる十字星　もう一度見上げてOh SAVE OUR SHIP限りある命の日々　燃やし合えたのがあなただからここまで来た同じ誓いに離れゆくSAVE OUR SHIPよみがえる愛を積んでOh SAVE OUR SHIP永遠に漂流する魂だからせめて今は強く抱いて遥か未来を乗り越えるSAVE OUR SHIPそれぞれの光めざし静けさに見つめ合う寂しさが打ち寄せる静けさに見つめ合う寂しさが打ち寄せる,：1990/11/2,：TOCT-590
https://www.uta-net.com/song/54641/,セイレーン,松任谷由実,Yumi Matsutoya,Yumi Matsutoya,Wednesday　潮煙るノースショアに残した心ずっと　まだ今も待ってる　あの大凪はうねりの前ぶれ　きみと漕いだ時間ひとりにしないで置いてゆかないで　ついてゆくから流されて行った失くして行った　青春求めセイレーン　舟乗りを惑わす哀しい声がずっと　まだ今もきこえる　もう二度と離さないと抱きしめ　離れないと言った立ちはだかるように青い壁のように　せまる波に砕け散っていった粉々になった　夢のかけらずっと　もう誰も愛せない　熱い記憶真空のチューブを　滑り降りる予感離さないと云った離れないと云った　嵐の中で砕け散っていった粉々になった　夢のかけらひとりにしないで置いてゆかないで　ついてゆくから流されて行った失くして行った　青春求め立ちはだかるように青い壁のように　せまる波に砕け散っていった粉々になった　夢のかけら,：1997/12/0,：TOCT-100
https://www.uta-net.com/song/54647/,Saint of Love,松任谷由実,Yumi Matsutoya,Yumi Matsutoya,あなたを近くに感じる夜がなぜかあるの岸辺に揺れてるボートが寄りそうより近くああ　なのに　心はあなたにつなげないあなたを遠くに感じる夜がなぜかあるの言葉も何も通じない世界の果てのようああ　だから　心をあなたにつなげたい愛して　愛して　もっと愛し合えばいつかは答えがわかるのでしょうかああ　なのに　心はあなたにつなげない憎んで　憎んで　もっと憎み合えばいつかはやすらぐことができますかあなたと静かに流れる時を見つめてるの二人が出会えた短いほんのひとときでもああ　だから　あなたを死ぬほど愛したい,：1997/12/0,：TOCT-100
https://www.uta-net.com/song/7972/,セシルの週末,松任谷由実,松任谷由実,松任谷由実,窓たたく風のそらみみでしょうかあなたからのプロポーズは気まぐれに見つめそして離れてくゆきずりでもよかったのにそうよ下着は黒で煙草は14から ちょっと待ってくれればなんだってくすねて来たわ今あなたに話すと遠い物語本気でおこる不思議な人ははじめてYou say you want me.You want to marry meYou say you want me.You want to marry meそうさあの娘は素敵 でも一晩だけさどうせチューイングガムつきあえるもの好きは誰ほら二人で歩けば噂がきこえるみんな知らない変わりはじめた私を忙しいパパと派手好きなママは別の部屋でくらしている今でも週末ねだりに行くけどもう愛しかいらないもうすぐ素直な娘におどろく'Cause you say you want to marry me,：1999/02/2,：TOCT-106
https://www.uta-net.com/song/16739/,雪月花,松任谷由実,Yumi Matsutoya,Yumi Matsutoya,ああ　そんなに　眩しい目でみつめないで昔　会った頃とは　もう　ちがってる　私達ああ　いろんなことがあった　離れてから口に出して　言わなくても微笑み合えたなら　いいの満ち欠ける　月のように日々に姿が変わってもいつも　あなただけは私のことわかると信じていたああ　どんなに　夜を越えて　会いたかったか死んだ方がましと思う苦しさに名前を呼んだ吹きすさぶ粉雪に　ひとり閉ざされていてもきっと　私だけはあなたのことわかると思った春が来て　緑は萌えて今日の景色もまぼろしになるそして　また　冬が来るとき今日の瞳に励まされるああ　そんなに　やさしい目で　みつめないでなつかしくて　なつかしくて涙が止まらなくなるの満ちて来る　陽の光に雪解けの音がきこえるやがて　哀しみにも時は流れ海へと注いでゆく哀しみにも時は流れ海へと注いでゆく喜びなら分かち合っていっしょに運んでゆこう,：2002/11/1,：TOCT-250
https://www.uta-net.com/song/13412/,78,松任谷由実,松任谷由実,松任谷由実,ふるさと忘れない渡り鳥の群れはどこかに磁石を持ってる見えない法則を人は神秘と呼び操れるものを怪しむ太古の昔に失くした全ての力をここにとり戻す生命をかけるほど何かを望むならカーテンをあけてお入り流れ流れの果て手にしたタロットは黒いアラベスクの模様太古の昔に失くした全ての力をここにとり戻す精霊を呼ぶ78…　78…　絵札はさすらい78…　78…　未来を示す月の影法師をチョークで囲んだらそれは宇宙の魔法陣風のシルフィや大地のグノメ火のサラマンデル　水のオンディーヌ精霊を呼ぶ78…　78…　絵札はさすらい78…　78…　秩序は廻る78…　78…　絵札はさすらい78…　78…　未来を示す78…　78…　絵札はさすらい78…　78…　秩序は廻る78…　78…　絵札はさすらい78…　78…　未来を示す78…　78…　絵札はさすらい78…　78…　秩序は廻る78…　78…　絵札はさすらい78…　78…　未来を示す,：1999/02/2,：TOCT-106
https://www.uta-net.com/song/12945/,7TRUTHS 7LIES～ヴァージンロードの彼方で,松任谷由実,松任谷由実,松任谷由実,天使のようにやさしく近づき悪魔のように　ハートを盗んだだって私はあなたに会って運命を感じてしまったからどんな卑劣な手を使ってでも手に入れなきゃいけないと思ったそして　ついにあなたをGetした　Wow wow wowSeven lies　偽りでも　True lies誰かを本当に好きになったときから　Wow wow wow wowSeven truths　真実に変わる百万の味方になってついてゆく天使がよそ見しているあいだに悪魔がそっと　耳打ちしてったたいした問題じゃないんだから全部ぶちまけて楽になりなよそれともうまくやっていくために死ぬまで隠しとおすつもりかいでも私はあなたを愛してる　Wow wow wowSeven lies　沈黙でも　True lies誰かを本当に守ろうとするなら　Wow wow wow wowSeven truths　真実も越えて輝きだす　ヴァージンロードの彼方でだって私はあなたに会って運命を感じてしまったからどんな卑劣な手を使ってでも手に入れなきゃいけないと思った誰よりも強く強く思った　Wow wow wowSeven lies　持ってゆくの　True lies心に秘めた嘘はみんなあなたへの　Wow wow wow wowSeven truths　愛ゆえの証百万の味方になってついてゆくSeven lies　真実も越えて輝きだす　ヴァージンロードの彼方で,,
https://www.uta-net.com/song/65822/,September Blue Moon,松任谷由実,松任谷由実,松任谷由実,ひとけない月影のアスファルト空カンを蹴っているシルエット話かけたら壊れそうでガードレールに 腰かけてた気がすんだならとなりに来てねきみは　September Blue Moon今夜はひとりでふさぎ込んでる過ぎた夏の日々に　悲しいこと考えたのきみは　September Blue Moon私でよければ近くにいるわ灼けた膝の上で　手をつないでいたいから眠そうなストアーのレジスター自動ドアつれて来た秋の風信号機が街角染めて少しは気分もかわったらいつものように家に帰ろうきみは　September Blue Moon今夜はセンチで魅力的なのずっと見ているから　これ以上沈まないできみは　September Blue Moonゆっくり追いかけ歩いてゆくわ二人だけの道を　プラタナスくぐりながらきみは　September Blue Moon私でよければ近くにいるわ灼けた膝の上で　手をつないでいたいからきみは　September Blue Moon今夜はセンチで魅力的なのずっと見ているから　これ以上沈まないできみは　September Blue Moonゆっくり追いかけ歩いてゆくわ二人だけの道を　プラタナスくぐりながらきみは　September Blue Moon今夜はひとりでふさぎ込んでる過ぎた夏の日々に　悲しいこと考えたの,：1999/02/2,：TOCT-106
https://www.uta-net.com/song/8136/,千一夜物語,松任谷由実,松任谷由実,松任谷由実,熱いキッスで夢中にさせるパーティーのクロークでほんの暫く会わないうちに私は変わったの待って　何から始めましょう昼も夜もずっと考えたこんなチャンスをいつかあなたにふられた日から魔法を手に入れたもっと近くに顔を寄せて私の目の奥に広がる砂漠の星空ラヴェンダーのため息で浮かんだカーペットあなたは好きだよとただくりかえす本当の恋のA・B・Cをこれから見せてあげるあなたがくれた眠れぬ日々と涙のおかえしにそっと手と手を合わせたなら見えるでしょう　ほらね燃えだした不思議なランプアイヴォリーの指先で静かにこすったらあなたは煙になり吸い込まれる月並みなプロポーズ　口にしたとたんにあなたはすべり落ち　それでさよなら熱いキッスで夢中にさせる千一夜物語いつかあなたにふられたときの私はもういない熱いキッスで夢中にさせる歓んでおもいきりあなたがくれた眠れぬ日々と涙のおかえしに熱いキッスで夢中にさせる千一夜物語いつかあなたにふられたときの私はもういない,：1991/11/2,：TOCT-630
https://www.uta-net.com/song/44584/,卒業写真,松任谷由実,荒井由実,荒井由実,悲しいことがあると　開く皮の表紙卒業写真のあの人は　やさしい目をしてる町でみかけたとき　何も言えなかった卒業写真の面影が　そのままだったから人ごみに流されて　変わってゆく私をあなたはときどき　遠くでしかって話しかけるように　ゆれる柳の下を通った道さえ今はもう　電車から見るだけあの頃の生き方を　あなたは忘れないであなたは私の　青春そのもの人ごみに流されて　変わってゆく私をあなたはときどき　遠くでしかってあなたは私の　青春そのもの,：2000/04/2,：TOCT-107
https://www.uta-net.com/song/7961/,そのまま,松任谷由実,荒井由実,荒井由実,ひとりベットにすわってぼんやりとどこかを見つめている自分でもわからない素晴らしいそして悲しい毎日がいろんな人に出会っていろんなところへ旅をしたけれどいつも知らぬまにあなたのことを思い出していたあなたの好きなものはひとつ残らず言えるわあなたの好きなものはひとつ残らず言えるわ鏡の前のすみれがきのうようやくひらきはじめたずっとそのまま咲いていてあなたの心が変わらないようにそのまま,,
https://www.uta-net.com/song/7962/,空と海の輝きに向けて,松任谷由実,荒井由実,荒井由実,月のまなざしが まだ残る空にやさしい潮風が門出を告げるこの人生の青い海原におまえは ただひとり帆をあげる遠い波の彼方に金色の光がある永遠の輝きに生命のかじをとろう果てない旅路にやすらぎを求めていつしか かの胸にいかりをおろす呼び合う世界で空と海が出会うおまえは歌になり流れていく遠い波の彼方に金色の光がある永遠の輝きに生命のかじをとろう遠い波の彼方に金色の光がある永遠の輝きに生命のかじをとろう,,
https://www.uta-net.com/song/30483/,Song For Bride,松任谷由実,Yumi Matsutoya,Yumi Matsutoya,高二の頃の　あなたのままで止まって見えたヴァージンロードこんな綺麗な　あなただったと彼より先に知ってた預けたアルバムも返せない手紙もこれからもずっと持ってるわもっと素敵になろうねいつか話そう　今日の微笑みあなたの大事な人に高二の頃に　描いた夢と少しかたちは違うけど友達でいて　うれしいと思うそんなわたしでよかった悩んでる時にも信じていてくれる彼とならきっと大丈夫一緒に大人になれるいつか話そう　今日の微笑みあなたの大事な人にいつも消えない　光があるのわたしたちの心には,,
https://www.uta-net.com/song/11458/,SO HIGH,松任谷由実,松任谷由実,松任谷由実,"瞬きしているうちに　キスされた帰り道ハートに羽根がはえて　空中に浮かんだの届くかな 大きな月にロールシャッハの模様みたいに秘めた想いを映してHigh,so high,so fly me to the moon恋したってわかったの 臆病な私を運んで　どこまでも高く初めてのダイアリー　書きかけてふと止めたついさっきの出来事　消えそうな夢みたい窓あけて ため息ついて季節を告げる夜風の香り胸いっぱいに吸ったらHigh,so high,so fly me to the moon恋するって素敵なのときめきに眠らない　列車乗り遅れぬように雲の間にまたたく星が　ちょっと遠くのあなたの部屋に同じウィンクを投げてるHigh,so high,sofly me to the moon恋したって云いたいの今すぐ裸足のステップで　街じゅうを起こしてHigh,so high,so fly me to the moon恋するって素敵なの　変わりだす私を運んで　どこまでも高く",,
https://www.uta-net.com/song/30493/,So long long ago,松任谷由実,松任谷由実,松任谷由実,涙　枯れるくらい泣いてもぬけ出せなかった　痛みだったのに或る朝　空をふと見上げたとき忘れていた私がいた瞬くまに流れ去るホームには消え残る雪が眩しく浮かんでた私は何を置いて来たんだろうドアに映る顔の向うIt's so long long agoいつからあなたをなつかしく思えるのTime goes time after time淋しさを過ぎればやさしさだけ見えて来るの止まったままだった時計と新しい靴と　いつもの電車で私は何を卒業してくのドアが開く　風の中へIt's so long long agoいつかはきのうも輝きに溶けだすのTime goes time after time明日を夢見れば　幸せだけ祈れるのあなたをずっと待っている私　ドアに映るIt's so long long agoいつからあなたをなつかしく思えるのTime goes time after time淋しさを過ぎればやさしさだけ見えて来るのIt's so long long agoいつかはきのうも輝きに溶けだすのTime goes time after time明日を夢見れば　幸せだけ祈れるの,,
https://www.uta-net.com/song/13391/,続　ガールフレンズ,松任谷由実,松任谷由実,松任谷由実,複雑な気持ちよ　あなたがいちばん先に結婚してゆくなんて前の彼のときも　旅行中のアリバイみんなで作ってあげたのに　今度もまとまらないと云ってたくせになにさ　ひとり　勝手にオメデトウ　明日　晴れやかなミセスもう　どこかのばかなやつのものこんな長電話も　もうできなくなるけどいいわ　おしかけるからYear　Book　出して　ページめくればそこにすました女の子達　さよなら涙ぐんでも　舌を出してるあなた　ずっと　ラッキーよオメデトウ　明日　教会で会ったなら私の方が泣いてしまううしろ向き　目をつむり　青いブーケをゆっくりとほおり投げて　私達にありきたりだけど素晴しいストーリィ第2章の出だしをよろしくオメデトウ　明日　晴れやかなミセス名前変わるあなたがヒロインよ,：1999/02/2,：TOCT-106
https://www.uta-net.com/song/54248/,TYPHOON,松任谷由実,松任谷由実,松任谷由実,風の音で目覚めた夜明けは薄明かりあなたの肩にかけるシーツそっと腕をのばしてラジオをつけましょうかもうそこまで来たタイフーンブラインドのすきまの空は不思議な色厚い雲が動いてゆくわ銀色の草も木も妖しくゆれはじめてもう　すぐに外はタイフーンあの夏の島の苦しい潮の香りここへ　ここへ　ここへあなたがお茶を飲んでさよなら云う頃はこの部屋もひどい雨の中ちっぽけな町じゅうが止まってしまえばいい今日はどこへも行かせないわあの夏の恋の苦しいときめきをひとり　ひとり　ひとり私の胸の奥に生まれた台風がシーツの海を吹いてゆくの哀しくてこわいからあなたを離さないわもう　すぐに外はタイフーン,：1999/02/2,：TOCT-106
https://www.uta-net.com/song/2922/,タイムリミット,松任谷由実,松任谷由実,松任谷由実,週末を空けたのもみんなあなたのせいよその気だった視線は wooo なんだったの誰にも気づかれずに手渡したナンバー鳴りもしない電話は wooo 見たくもないリムーバーの匂いがつんと　鼻の奥にしみたわこんなくらいのことで別にむきになったりしないけれどあなたはきっと後悔するわいつか泣くほど後悔するわゲームはいかが前髪が焦げたのもみんなあなたのせいよかぎざいたハイヒール wooo 許せないの馴れた女に見えたみんなあなたのミスよ会った場所で相手を wooo 見くびったのタイムリミットなんて愛の深さが決めるものよチャンスにうしろ髪は決してないとこの際学ぶべきねあなたはきっと降参するわやがてあえなく降参するわゲームはいかがあなたはきっと後悔するわいつか泣くほど後悔するわゲームはいかがあなたはきっと降参するわやがてあえなく降参するわあなたはきっと後悔するわいつか泣くほど後悔するわあなたはきっと降参するわやがてあえなく降参するわ,：1991/11/2,：TOCT-630
https://www.uta-net.com/song/111230/,太陽と黒いバラ,松任谷由実,松任谷由実,松任谷由実,来る日も来る日も　あなたを想って泣いたしょうもない男(ひと)なのにどのみちそのうち　かならず私だけが救えると信じてた今じゃ別人のようにまともにくらしてるってねうなされてたってくらいの情熱はなくしたの砂に煙る太陽　目を閉じても消えない夢愛しきれず別れた　あの激しいあなたはどこよ昼にも夜にも　あなたを待ち続けた哀しみの広い部屋でやさしいだけでも　うかれて身をまかせたゆきずりもあったけれどベ・サ・メ・ムーチョもう一度その胸に抱かれてただ本当の涙をひとすじ流すのよ棘に咲いた黒バラ　傷ついても芳わしい影忘れきれずさまよう　この愚かな私はどこへ砂に煙る太陽　目を閉じても消えない夢愛しきれず別れた　あの激しいあなたはどこよ棘に咲いた黒バラ　傷ついても芳わしい影忘れきれずさまよう　この愚かな私はどこへ,,
https://www.uta-net.com/song/44975/,太陽の逃亡者,松任谷由実,Yumi Matsutoya,Yumi Matsutoya,woo golden afternoon 太陽を浴びてきみと走ろう 海沿いのハイウェイwoo golden afternoon レモンの輝きあなたに贈ろう 何もない道だけが続いてる afternoonただの友達と うそをつくのは きのうで最後さそれぞれの朝 メモを残して もう元に戻らない woo離れないよふたりは 小さな荷物まとめ逃亡者になっても いっしょに行くと言ったwoo golden afternoon 太陽を浴びてふりかえったら 影さえ飛んでくただ深刻な ただ無責任な うわさばかりさいつかわかって もらえばいいの 若かったあの日を woo恋に生きるふたりは いつか忘れ去られる殉教者になっても しかたない熱病とwoo golden afternoon 太陽を浴びてきみと走ろう 海沿いのハイウェイwoo golden afternoon レモンの潮風きみに贈ろう ルーフ開けて 胸いっぱい吸い込んだ afternoon,：2004/11/1,：TOCT-256
https://www.uta-net.com/song/13398/,TUXEDO RAIN,松任谷由実,松任谷由実,松任谷由実,降りしきる銀の調べずぶ濡れのドレスとタキシード忍び逢う恋はきのうまでもう二人は離れないただゆっくりと　ただひっそりと腕を組みすすんでゆくやるせなく　でも誇らしく舗道打つ拍手の中灯の消えたウィンドウの前に二人　今　誓い合うの前髪の雫のヴェールを指でぬぐいくちづけをなぜこんなにも　いつこんなにも気づくと愛していたの祝福も　永遠も約束されなくてもただゆっくりと　ただひっそりと目を上げてすすんでゆくやるせなく　でも誇らしく誰も来ないセレモニーなぜこんなにも　いつこんなにも気づくと愛していたの祝福も　永遠も二人だけのセレモニーただゆっくりと　ただひっそりと目を上げてすすんでゆくやるせなく　でも誇らしく誰も来ないセレモニー,：1999/02/2,：TOCT-106
https://www.uta-net.com/song/24377/,只今最前線突破中,松任谷由実,松任谷由実,松任谷由実,にわかにかき曇った　空から降って来るまるでナパームみたいな　あなたの攻撃もう　あとにはひけない　激しいバトルの火蓋は切られたのNever give it up　撃ちかえすたび炸裂してる　Lonely heart　でもGonna beat it up　恋の作戦勝負なら見えている非武装地帯までも　侵略するなら前線突破してゆく　プライド投げすてもう　どうでもいいのに　こだわる理由をわざと見つけているNever give it up　もつれもつれて裏がえってる　Lonely heart　でもGonna beat it up　恋の作戦最終兵器は　I Love UNever give it up　傷だらけでもひきはしないわ　Lonely heart　そうGonna beat it up　最後の砦落ちるのは見えている　wow wowNever give it up　逃げようとしても情け容赦はしない　そうGonna beat it up　恋の作戦あなたに云わす　I Love U,,
https://www.uta-net.com/song/24371/,ただわけもなく,松任谷由実,Yumi Matsutoya,Yumi Matsutoya,かけのぼる 堤防の入道雲がわくわく わいてた はるかさらうようにきみと手をつなぎ どこまででもゆけた太陽のかげぼうし ゆっくりのびて夕立ちの音が そこまで来ててもきみとすごす日は 決して終わらないと思えたただわけもなく青い空に出会ったら ヨロシクとつぶやいてきみがどこにいても 想い出せるほんの近くに気まぐれな メロディーを逃がさないように口笛で書いた 草と風のノートきみの手のひらに そっとしがみついた何もかも 変わっても 変わらないのは心の瞳に まぶしかったものきみの髪ゆらす 光の輪のプリズムみたい焼きついている青い空に出会ったら ごめんねとつぶやいてきみにできることを 残したまままた会う日まで青い空に出会ったら ヨロシクとつぶやいてきみがどこにいても 想い出せるほんの近くに青い空に出会ったら ごめんねとつぶやいてきみにできることを 残したまままた会う日まで,：2002/11/1,：TOCT-250
